date,carbon
2020-07-31 00:00:00+00:00,20.368999481201172
2020-08-03 00:00:00+00:00,20.454999923706055
2020-08-04 00:00:00+00:00,20.694000244140625
2020-08-05 00:00:00+00:00,20.829999923706055
2020-08-06 00:00:00+00:00,20.55699920654297
2020-08-07 00:00:00+00:00,20.399999618530273
2020-08-10 00:00:00+00:00,20.4950008392334
2020-08-11 00:00:00+00:00,20.299999237060547
2020-08-12 00:00:00+00:00,20.149999618530273
2020-08-13 00:00:00+00:00,20.125
2020-08-14 00:00:00+00:00,20.1200008392334
2020-08-17 00:00:00+00:00,20.40999984741211
2020-08-18 00:00:00+00:00,20.5939998626709
2020-08-19 00:00:00+00:00,20.450000762939453
2020-08-20 00:00:00+00:00,20.18000030517578
2020-08-21 00:00:00+00:00,20.06999969482422
2020-08-24 00:00:00+00:00,20.985000610351562
2020-08-25 00:00:00+00:00,21.683000564575195
2020-08-26 00:00:00+00:00,21.559999465942383
2020-08-27 00:00:00+00:00,21.424999237060547
2020-08-28 00:00:00+00:00,22.03700065612793
2020-08-31 00:00:00+00:00,21.865999221801758
2020-09-01 00:00:00+00:00,21.25
2020-09-02 00:00:00+00:00,21.479999542236328
2020-09-03 00:00:00+00:00,21.690000534057617
2020-09-04 00:00:00+00:00,21.111000061035156
2020-09-08 00:00:00+00:00,20.674999237060547
2020-09-09 00:00:00+00:00,20.722999572753906
2020-09-10 00:00:00+00:00,21.28499984741211
2020-09-11 00:00:00+00:00,21.44499969482422
2020-09-14 00:00:00+00:00,22.75
2020-09-15 00:00:00+00:00,22.170000076293945
2020-09-16 00:00:00+00:00,22.496999740600586
2020-09-17 00:00:00+00:00,21.670000076293945
2020-09-18 00:00:00+00:00,21.600000381469727
2020-09-21 00:00:00+00:00,20.583999633789062
2020-09-22 00:00:00+00:00,21.325000762939453
2020-09-23 00:00:00+00:00,20.635000228881836
2020-09-24 00:00:00+00:00,20.600000381469727
2020-09-25 00:00:00+00:00,20.399999618530273
2020-09-28 00:00:00+00:00,21.152000427246094
2020-09-29 00:00:00+00:00,20.799999237060547
2020-09-30 00:00:00+00:00,20.790000915527344
2020-10-01 00:00:00+00:00,20.679000854492188
2020-10-02 00:00:00+00:00,20.774999618530273
2020-10-05 00:00:00+00:00,20.885000228881836
2020-10-06 00:00:00+00:00,20.75
2020-10-07 00:00:00+00:00,20.724000930786133
2020-10-08 00:00:00+00:00,20.583999633789062
2020-10-09 00:00:00+00:00,20.450000762939453
2020-10-12 00:00:00+00:00,20.40999984741211
2020-10-13 00:00:00+00:00,20.06999969482422
2020-10-14 00:00:00+00:00,20.264999389648438
2020-10-15 00:00:00+00:00,19.90999984741211
2020-10-16 00:00:00+00:00,19.850000381469727
2020-10-19 00:00:00+00:00,20.020000457763672
2020-10-20 00:00:00+00:00,19.579999923706055
2020-10-21 00:00:00+00:00,19.389999389648438
2020-10-22 00:00:00+00:00,19.40999984741211
2020-10-23 00:00:00+00:00,20.264999389648438
2020-10-26 00:00:00+00:00,19.434999465942383
2020-10-27 00:00:00+00:00,19.54800033569336
2020-10-28 00:00:00+00:00,18.959999084472656
2020-10-29 00:00:00+00:00,19.1299991607666
2020-10-30 00:00:00+00:00,19.329999923706055
2020-11-02 00:00:00+00:00,19.138999938964844
2020-11-03 00:00:00+00:00,19.799999237060547
2020-11-04 00:00:00+00:00,20.149999618530273
2020-11-05 00:00:00+00:00,20.420000076293945
2020-11-06 00:00:00+00:00,20.40999984741211
2020-11-09 00:00:00+00:00,20.82699966430664
2020-11-10 00:00:00+00:00,20.85099983215332
2020-11-11 00:00:00+00:00,20.69099998474121
2020-11-12 00:00:00+00:00,20.6200008392334
2020-11-13 00:00:00+00:00,20.700000762939453
2020-11-16 00:00:00+00:00,21.0
2020-11-17 00:00:00+00:00,21.058000564575195
2020-11-18 00:00:00+00:00,21.200000762939453
2020-11-19 00:00:00+00:00,20.709999084472656
2020-11-20 00:00:00+00:00,20.854999542236328
2020-11-23 00:00:00+00:00,21.360000610351562
2020-11-24 00:00:00+00:00,21.680999755859375
2020-11-25 00:00:00+00:00,21.65999984741211
2020-11-27 00:00:00+00:00,22.082000732421875
2020-11-30 00:00:00+00:00,22.40999984741211
2020-12-01 00:00:00+00:00,22.55500030517578
2020-12-02 00:00:00+00:00,22.854000091552734
2020-12-03 00:00:00+00:00,22.739999771118164
2020-12-04 00:00:00+00:00,23.299999237060547
2020-12-07 00:00:00+00:00,22.860000610351562
2020-12-08 00:00:00+00:00,23.020000457763672
2020-12-09 00:00:00+00:00,22.850000381469727
2020-12-10 00:00:00+00:00,23.7549991607666
2020-12-11 00:00:00+00:00,23.552000045776367
2020-12-14 00:00:00+00:00,23.799999237060547
2020-12-15 00:00:00+00:00,24.493999481201172
2020-12-16 00:00:00+00:00,24.33300018310547
2020-12-17 00:00:00+00:00,24.437000274658203
2020-12-18 00:00:00+00:00,24.045000076293945
2020-12-21 00:00:00+00:00,23.854999542236328
2020-12-22 00:00:00+00:00,23.700000762939453
2020-12-23 00:00:00+00:00,24.34000015258789
2020-12-24 00:00:00+00:00,24.586999893188477
2020-12-28 00:00:00+00:00,25.299999237060547
2020-12-29 00:00:00+00:00,25.0
2020-12-30 00:00:00+00:00,24.729999542236328
2020-12-31 00:00:00+00:00,24.6299991607666
2021-01-04 00:00:00+00:00,25.399999618530273
2021-01-05 00:00:00+00:00,25.17300033569336
2021-01-06 00:00:00+00:00,25.540000915527344
2021-01-07 00:00:00+00:00,26.19700050354004
2021-01-08 00:00:00+00:00,26.15999984741211
2021-01-11 00:00:00+00:00,25.94300079345703
2021-01-12 00:00:00+00:00,26.149999618530273
2021-01-13 00:00:00+00:00,25.299999237060547
2021-01-14 00:00:00+00:00,25.5049991607666
2021-01-15 00:00:00+00:00,24.0
2021-01-19 00:00:00+00:00,25.149999618530273
2021-01-20 00:00:00+00:00,24.895000457763672
2021-01-21 00:00:00+00:00,25.424999237060547
2021-01-22 00:00:00+00:00,25.785999298095703
2021-01-25 00:00:00+00:00,25.131000518798828
2021-01-26 00:00:00+00:00,25.040000915527344
2021-01-27 00:00:00+00:00,24.875
2021-01-28 00:00:00+00:00,25.5
2021-01-29 00:00:00+00:00,25.0
2021-02-01 00:00:00+00:00,24.59000015258789
2021-02-02 00:00:00+00:00,26.0
2021-02-03 00:00:00+00:00,27.209999084472656
2021-02-04 00:00:00+00:00,27.25
2021-02-05 00:00:00+00:00,27.621000289916992
2021-02-08 00:00:00+00:00,27.75
2021-02-09 00:00:00+00:00,27.665000915527344
2021-02-10 00:00:00+00:00,28.354999542236328
2021-02-11 00:00:00+00:00,27.700000762939453
2021-02-12 00:00:00+00:00,28.655000686645508
2021-02-16 00:00:00+00:00,28.06999969482422
2021-02-17 00:00:00+00:00,27.3700008392334
2021-02-18 00:00:00+00:00,27.709999084472656
2021-02-19 00:00:00+00:00,27.190000534057617
2021-02-22 00:00:00+00:00,27.481000900268555
2021-02-23 00:00:00+00:00,27.945999145507812
2021-02-24 00:00:00+00:00,28.31999969482422
2021-02-25 00:00:00+00:00,27.729999542236328
2021-02-26 00:00:00+00:00,27.200000762939453
2021-03-01 00:00:00+00:00,27.135000228881836
2021-03-02 00:00:00+00:00,27.510000228881836
2021-03-03 00:00:00+00:00,27.229999542236328
2021-03-04 00:00:00+00:00,27.540000915527344
2021-03-05 00:00:00+00:00,27.799999237060547
2021-03-08 00:00:00+00:00,27.649999618530273
2021-03-09 00:00:00+00:00,28.450000762939453
2021-03-10 00:00:00+00:00,28.97800064086914
2021-03-11 00:00:00+00:00,29.309999465942383
2021-03-12 00:00:00+00:00,29.56999969482422
2021-03-15 00:00:00+00:00,29.329999923706055
2021-03-16 00:00:00+00:00,28.809999465942383
2021-03-17 00:00:00+00:00,29.75
2021-03-18 00:00:00+00:00,29.15999984741211
2021-03-19 00:00:00+00:00,28.950000762939453
2021-03-22 00:00:00+00:00,29.739999771118164
2021-03-23 00:00:00+00:00,28.67099952697754
2021-03-24 00:00:00+00:00,28.770000457763672
2021-03-25 00:00:00+00:00,27.93000030517578
2021-03-26 00:00:00+00:00,28.43000030517578
2021-03-29 00:00:00+00:00,28.559999465942383
2021-03-30 00:00:00+00:00,28.530000686645508
2021-03-31 00:00:00+00:00,28.690000534057617
2021-04-01 00:00:00+00:00,28.700000762939453
2021-04-05 00:00:00+00:00,28.68000030517578
2021-04-06 00:00:00+00:00,29.56999969482422
2021-04-07 00:00:00+00:00,29.350000381469727
2021-04-08 00:00:00+00:00,29.260000228881836
2021-04-09 00:00:00+00:00,29.299999237060547
2021-04-12 00:00:00+00:00,29.770000457763672
2021-04-13 00:00:00+00:00,29.520000457763672
2021-04-14 00:00:00+00:00,29.577999114990234
2021-04-15 00:00:00+00:00,29.860000610351562
2021-04-16 00:00:00+00:00,29.889999389648438
2021-04-19 00:00:00+00:00,29.729999542236328
2021-04-20 00:00:00+00:00,30.360000610351562
2021-04-21 00:00:00+00:00,31.0
2021-04-22 00:00:00+00:00,31.15999984741211
2021-04-23 00:00:00+00:00,31.56999969482422
2021-04-26 00:00:00+00:00,31.8700008392334
2021-04-27 00:00:00+00:00,31.780000686645508
2021-04-28 00:00:00+00:00,32.130001068115234
2021-04-29 00:00:00+00:00,32.08000183105469
2021-04-30 00:00:00+00:00,32.38999938964844
2021-05-03 00:00:00+00:00,32.810001373291016
2021-05-04 00:00:00+00:00,32.400001525878906
2021-05-05 00:00:00+00:00,32.630001068115234
2021-05-06 00:00:00+00:00,32.900001525878906
2021-05-07 00:00:00+00:00,33.93000030517578
2021-05-10 00:00:00+00:00,34.369998931884766
2021-05-11 00:00:00+00:00,34.88999938964844
2021-05-12 00:00:00+00:00,35.63999938964844
2021-05-13 00:00:00+00:00,35.400001525878906
2021-05-14 00:00:00+00:00,36.939998626708984
2021-05-17 00:00:00+00:00,36.400001525878906
2021-05-18 00:00:00+00:00,35.040000915527344
2021-05-19 00:00:00+00:00,33.0
2021-05-20 00:00:00+00:00,34.83000183105469
2021-05-21 00:00:00+00:00,34.150001525878906
2021-05-24 00:00:00+00:00,34.70000076293945
2021-05-25 00:00:00+00:00,35.189998626708984
2021-05-26 00:00:00+00:00,34.95000076293945
2021-05-27 00:00:00+00:00,34.189998626708984
2021-05-28 00:00:00+00:00,34.400001525878906
2021-06-01 00:00:00+00:00,34.41999816894531
2021-06-02 00:00:00+00:00,34.290000915527344
2021-06-03 00:00:00+00:00,33.599998474121094
2021-06-04 00:00:00+00:00,33.650001525878906
2021-06-07 00:00:00+00:00,34.7599983215332
2021-06-08 00:00:00+00:00,34.880001068115234
2021-06-09 00:00:00+00:00,35.459999084472656
2021-06-10 00:00:00+00:00,35.220001220703125
2021-06-11 00:00:00+00:00,34.900001525878906
2021-06-14 00:00:00+00:00,35.06999969482422
2021-06-15 00:00:00+00:00,34.650001525878906
2021-06-16 00:00:00+00:00,34.130001068115234
2021-06-17 00:00:00+00:00,33.599998474121094
2021-06-18 00:00:00+00:00,34.31999969482422
2021-06-21 00:00:00+00:00,34.709999084472656
2021-06-22 00:00:00+00:00,35.45000076293945
2021-06-23 00:00:00+00:00,36.040000915527344
2021-06-24 00:00:00+00:00,36.220001220703125
2021-06-25 00:00:00+00:00,36.220001220703125
2021-06-28 00:00:00+00:00,36.369998931884766
2021-06-29 00:00:00+00:00,36.38999938964844
2021-06-30 00:00:00+00:00,36.9900016784668
2021-07-01 00:00:00+00:00,37.65999984741211
2021-07-02 00:00:00+00:00,37.63999938964844
2021-07-06 00:00:00+00:00,35.119998931884766
2021-07-07 00:00:00+00:00,35.650001525878906
2021-07-08 00:00:00+00:00,35.4900016784668
2021-07-09 00:00:00+00:00,36.130001068115234
2021-07-12 00:00:00+00:00,34.869998931884766
2021-07-13 00:00:00+00:00,35.38999938964844
2021-07-14 00:00:00+00:00,35.400001525878906
2021-07-15 00:00:00+00:00,35.52000045776367
2021-07-16 00:00:00+00:00,35.619998931884766
2021-07-19 00:00:00+00:00,34.93000030517578
2021-07-20 00:00:00+00:00,34.5
2021-07-21 00:00:00+00:00,34.810001373291016
2021-07-22 00:00:00+00:00,33.86000061035156
2021-07-23 00:00:00+00:00,34.31999969482422
2021-07-26 00:00:00+00:00,35.45000076293945
2021-07-27 00:00:00+00:00,35.279998779296875
2021-07-28 00:00:00+00:00,35.75
2021-07-29 00:00:00+00:00,35.97999954223633
2021-07-30 00:00:00+00:00,35.47999954223633
2021-08-02 00:00:00+00:00,36.13999938964844
2021-08-03 00:00:00+00:00,36.2599983215332
2021-08-04 00:00:00+00:00,36.7400016784668
2021-08-05 00:00:00+00:00,37.13999938964844
2021-08-06 00:00:00+00:00,37.25
2021-08-09 00:00:00+00:00,37.220001220703125
2021-08-10 00:00:00+00:00,37.380001068115234
2021-08-11 00:00:00+00:00,37.95000076293945
2021-08-12 00:00:00+00:00,36.9900016784668
2021-08-13 00:00:00+00:00,36.65999984741211
2021-08-16 00:00:00+00:00,38.22999954223633
2021-08-17 00:00:00+00:00,37.459999084472656
2021-08-18 00:00:00+00:00,37.279998779296875
2021-08-19 00:00:00+00:00,35.68000030517578
2021-08-20 00:00:00+00:00,35.77000045776367
2021-08-23 00:00:00+00:00,36.310001373291016
2021-08-24 00:00:00+00:00,37.04999923706055
2021-08-25 00:00:00+00:00,37.099998474121094
2021-08-26 00:00:00+00:00,37.61000061035156
2021-08-27 00:00:00+00:00,39.369998931884766
2021-08-30 00:00:00+00:00,39.91999816894531
2021-08-31 00:00:00+00:00,39.84000015258789
2021-09-01 00:00:00+00:00,39.540000915527344
2021-09-02 00:00:00+00:00,40.15999984741211
2021-09-03 00:00:00+00:00,40.5099983215332
2021-09-07 00:00:00+00:00,40.70000076293945
2021-09-08 00:00:00+00:00,40.81999969482422
2021-09-09 00:00:00+00:00,40.599998474121094
2021-09-10 00:00:00+00:00,39.93000030517578
2021-09-13 00:00:00+00:00,39.95000076293945
2021-09-14 00:00:00+00:00,39.29999923706055
2021-09-15 00:00:00+00:00,39.65999984741211
2021-09-16 00:00:00+00:00,39.459999084472656
2021-09-17 00:00:00+00:00,39.59000015258789
2021-09-20 00:00:00+00:00,39.880001068115234
2021-09-21 00:00:00+00:00,39.72999954223633
2021-09-22 00:00:00+00:00,39.93000030517578
2021-09-23 00:00:00+00:00,39.939998626708984
2021-09-24 00:00:00+00:00,41.779998779296875
2021-09-27 00:00:00+00:00,42.41999816894531
2021-09-28 00:00:00+00:00,41.130001068115234
2021-09-29 00:00:00+00:00,41.209999084472656
2021-09-30 00:00:00+00:00,41.09000015258789
2021-10-01 00:00:00+00:00,42.119998931884766
2021-10-04 00:00:00+00:00,42.4900016784668
2021-10-05 00:00:00+00:00,42.970001220703125
2021-10-06 00:00:00+00:00,40.529998779296875
2021-10-07 00:00:00+00:00,40.619998931884766
2021-10-08 00:00:00+00:00,39.099998474121094
2021-10-11 00:00:00+00:00,39.84000015258789
2021-10-12 00:00:00+00:00,40.09000015258789
2021-10-13 00:00:00+00:00,40.130001068115234
2021-10-14 00:00:00+00:00,41.4900016784668
2021-10-15 00:00:00+00:00,40.060001373291016
2021-10-18 00:00:00+00:00,39.5099983215332
2021-10-19 00:00:00+00:00,38.650001525878906
2021-10-20 00:00:00+00:00,40.0
2021-10-21 00:00:00+00:00,40.56999969482422
2021-10-22 00:00:00+00:00,41.41999816894531
2021-10-25 00:00:00+00:00,41.459999084472656
2021-10-26 00:00:00+00:00,41.59000015258789
2021-10-27 00:00:00+00:00,41.38999938964844
2021-10-28 00:00:00+00:00,41.04999923706055
2021-10-29 00:00:00+00:00,40.849998474121094
2021-11-01 00:00:00+00:00,40.43000030517578
2021-11-02 00:00:00+00:00,41.86000061035156
2021-11-03 00:00:00+00:00,41.93000030517578
2021-11-04 00:00:00+00:00,41.75
2021-11-05 00:00:00+00:00,41.66999816894531
2021-11-08 00:00:00+00:00,42.45000076293945
2021-11-09 00:00:00+00:00,42.5099983215332
2021-11-10 00:00:00+00:00,43.779998779296875
2021-11-11 00:00:00+00:00,44.290000915527344
2021-11-12 00:00:00+00:00,44.2400016784668
2021-11-15 00:00:00+00:00,45.810001373291016
2021-11-16 00:00:00+00:00,46.040000915527344
2021-11-17 00:00:00+00:00,45.599998474121094
2021-11-18 00:00:00+00:00,46.790000915527344
2021-11-19 00:00:00+00:00,47.08000183105469
2021-11-22 00:00:00+00:00,46.81999969482422
2021-11-23 00:00:00+00:00,46.459999084472656
2021-11-24 00:00:00+00:00,46.29999923706055
2021-11-26 00:00:00+00:00,46.869998931884766
2021-11-29 00:00:00+00:00,47.650001525878906
2021-11-30 00:00:00+00:00,47.83000183105469
2021-12-01 00:00:00+00:00,48.459999084472656
2021-12-02 00:00:00+00:00,48.369998931884766
2021-12-03 00:00:00+00:00,47.90999984741211
2021-12-06 00:00:00+00:00,50.029998779296875
2021-12-07 00:00:00+00:00,51.849998474121094
2021-12-08 00:00:00+00:00,54.7400016784668
2021-12-09 00:00:00+00:00,50.33000183105469
2021-12-10 00:00:00+00:00,51.58000183105469
2021-12-13 00:00:00+00:00,50.11000061035156
2021-12-14 00:00:00+00:00,49.290000915527344
2021-12-15 00:00:00+00:00,50.130001068115234
2021-12-16 00:00:00+00:00,51.93000030517578
2021-12-17 00:00:00+00:00,46.970001220703125
2021-12-20 00:00:00+00:00,49.619998931884766
2021-12-21 00:00:00+00:00,49.150001525878906
2021-12-22 00:00:00+00:00,49.0
2021-12-23 00:00:00+00:00,47.810001373291016
2021-12-27 00:00:00+00:00,48.72999954223633
2021-12-28 00:00:00+00:00,49.70000076293945
2021-12-29 00:00:00+00:00,50.380001068115234
2021-12-30 00:00:00+00:00,50.189998626708984
2021-12-31 00:00:00+00:00,50.900001525878906
2022-01-03 00:00:00+00:00,52.470001220703125
2022-01-04 00:00:00+00:00,53.099998474121094
2022-01-05 00:00:00+00:00,53.880001068115234
2022-01-06 00:00:00+00:00,52.93000030517578
2022-01-07 00:00:00+00:00,52.400001525878906
2022-01-10 00:00:00+00:00,50.31999969482422
2022-01-11 00:00:00+00:00,50.41999816894531
2022-01-12 00:00:00+00:00,50.04999923706055
2022-01-13 00:00:00+00:00,50.689998626708984
2022-01-14 00:00:00+00:00,51.15999984741211
2022-01-18 00:00:00+00:00,50.810001373291016
2022-01-19 00:00:00+00:00,49.84000015258789
2022-01-20 00:00:00+00:00,51.40999984741211
2022-01-21 00:00:00+00:00,50.75
2022-01-24 00:00:00+00:00,49.560001373291016
2022-01-25 00:00:00+00:00,51.189998626708984
2022-01-26 00:00:00+00:00,51.310001373291016
2022-01-27 00:00:00+00:00,51.470001220703125
2022-01-28 00:00:00+00:00,51.70000076293945
2022-01-31 00:00:00+00:00,52.119998931884766
2022-02-01 00:00:00+00:00,52.189998626708984
2022-02-02 00:00:00+00:00,54.790000915527344
2022-02-03 00:00:00+00:00,54.95000076293945
2022-02-04 00:00:00+00:00,55.9900016784668
2022-02-07 00:00:00+00:00,55.400001525878906
2022-02-08 00:00:00+00:00,55.349998474121094
2022-02-09 00:00:00+00:00,53.29999923706055
2022-02-10 00:00:00+00:00,52.900001525878906
2022-02-11 00:00:00+00:00,53.34000015258789
2022-02-14 00:00:00+00:00,52.439998626708984
2022-02-15 00:00:00+00:00,51.939998626708984
2022-02-16 00:00:00+00:00,51.79999923706055
2022-02-17 00:00:00+00:00,50.4900016784668
2022-02-18 00:00:00+00:00,51.75
2022-02-22 00:00:00+00:00,51.79999923706055
2022-02-23 00:00:00+00:00,53.70000076293945
2022-02-24 00:00:00+00:00,51.150001525878906
2022-02-25 00:00:00+00:00,51.77000045776367
2022-02-28 00:00:00+00:00,49.0
2022-03-01 00:00:00+00:00,42.59000015258789
2022-03-02 00:00:00+00:00,42.08000183105469
2022-03-03 00:00:00+00:00,40.5
2022-03-04 00:00:00+00:00,39.90999984741211
2022-03-07 00:00:00+00:00,35.599998474121094
2022-03-08 00:00:00+00:00,39.939998626708984
2022-03-09 00:00:00+00:00,43.11000061035156
2022-03-10 00:00:00+00:00,44.060001373291016
2022-03-11 00:00:00+00:00,44.83000183105469
2022-03-14 00:00:00+00:00,45.130001068115234
2022-03-15 00:00:00+00:00,45.599998474121094
2022-03-16 00:00:00+00:00,46.279998779296875
2022-03-17 00:00:00+00:00,46.900001525878906
2022-03-18 00:00:00+00:00,46.349998474121094
2022-03-21 00:00:00+00:00,45.849998474121094
2022-03-22 00:00:00+00:00,46.56999969482422
2022-03-23 00:00:00+00:00,45.11000061035156
2022-03-24 00:00:00+00:00,46.0
2022-03-25 00:00:00+00:00,46.130001068115234
2022-03-28 00:00:00+00:00,47.220001220703125
2022-03-29 00:00:00+00:00,48.68000030517578
2022-03-30 00:00:00+00:00,47.56999969482422
2022-03-31 00:00:00+00:00,46.65999984741211
2022-04-01 00:00:00+00:00,47.27000045776367
2022-04-04 00:00:00+00:00,47.619998931884766
2022-04-05 00:00:00+00:00,47.13999938964844
2022-04-06 00:00:00+00:00,46.72999954223633
2022-04-07 00:00:00+00:00,47.849998474121094
2022-04-08 00:00:00+00:00,48.15999984741211
2022-04-11 00:00:00+00:00,47.11000061035156
2022-04-12 00:00:00+00:00,47.38999938964844
2022-04-13 00:00:00+00:00,47.22999954223633
2022-04-14 00:00:00+00:00,47.720001220703125
2022-04-18 00:00:00+00:00,47.209999084472656
2022-04-19 00:00:00+00:00,47.41999816894531
2022-04-20 00:00:00+00:00,50.08000183105469
2022-04-21 00:00:00+00:00,50.130001068115234
2022-04-22 00:00:00+00:00,50.630001068115234
2022-04-25 00:00:00+00:00,48.060001373291016
2022-04-26 00:00:00+00:00,47.220001220703125
2022-04-27 00:00:00+00:00,46.54999923706055
2022-04-28 00:00:00+00:00,47.150001525878906
2022-04-29 00:00:00+00:00,47.400001525878906
2022-05-02 00:00:00+00:00,46.83000183105469
2022-05-03 00:00:00+00:00,49.11000061035156
2022-05-04 00:00:00+00:00,49.38999938964844
2022-05-05 00:00:00+00:00,49.2400016784668
2022-05-06 00:00:00+00:00,50.29999923706055
2022-05-09 00:00:00+00:00,48.20000076293945
2022-05-10 00:00:00+00:00,48.93000030517578
2022-05-11 00:00:00+00:00,48.880001068115234
2022-05-12 00:00:00+00:00,47.97999954223633
2022-05-13 00:00:00+00:00,48.36000061035156
2022-05-16 00:00:00+00:00,49.29999923706055
2022-05-17 00:00:00+00:00,49.75
2022-05-18 00:00:00+00:00,47.5
2022-05-19 00:00:00+00:00,47.27000045776367
2022-05-20 00:00:00+00:00,46.33000183105469
2022-05-23 00:00:00+00:00,46.27000045776367
2022-05-24 00:00:00+00:00,47.36000061035156
2022-05-25 00:00:00+00:00,47.58000183105469
2022-05-26 00:00:00+00:00,49.15999984741211
2022-05-27 00:00:00+00:00,48.970001220703125
2022-05-31 00:00:00+00:00,49.16999816894531
2022-06-01 00:00:00+00:00,49.84000015258789
2022-06-02 00:00:00+00:00,50.220001220703125
2022-06-03 00:00:00+00:00,50.2400016784668
2022-06-06 00:00:00+00:00,48.43000030517578
2022-06-07 00:00:00+00:00,47.90999984741211
2022-06-08 00:00:00+00:00,48.0
2022-06-09 00:00:00+00:00,47.650001525878906
2022-06-10 00:00:00+00:00,47.939998626708984
2022-06-13 00:00:00+00:00,46.66999816894531
2022-06-14 00:00:00+00:00,47.06999969482422
2022-06-15 00:00:00+00:00,48.150001525878906
2022-06-16 00:00:00+00:00,47.20000076293945
2022-06-17 00:00:00+00:00,46.58000183105469
2022-06-21 00:00:00+00:00,47.68000030517578
2022-06-22 00:00:00+00:00,46.36000061035156
2022-06-23 00:00:00+00:00,46.72999954223633
2022-06-24 00:00:00+00:00,46.810001373291016
2022-06-27 00:00:00+00:00,46.970001220703125
2022-06-28 00:00:00+00:00,48.130001068115234
2022-06-29 00:00:00+00:00,48.27000045776367
2022-06-30 00:00:00+00:00,49.22999954223633
2022-07-01 00:00:00+00:00,48.369998931884766
2022-07-05 00:00:00+00:00,46.43000030517578
2022-07-06 00:00:00+00:00,46.529998779296875
2022-07-07 00:00:00+00:00,46.880001068115234
2022-07-08 00:00:00+00:00,46.40999984741211
2022-07-11 00:00:00+00:00,46.2400016784668
2022-07-12 00:00:00+00:00,46.47999954223633
2022-07-13 00:00:00+00:00,45.63999938964844
2022-07-14 00:00:00+00:00,45.38999938964844
2022-07-15 00:00:00+00:00,45.779998779296875
2022-07-18 00:00:00+00:00,45.540000915527344
2022-07-19 00:00:00+00:00,45.900001525878906
2022-07-20 00:00:00+00:00,43.689998626708984
2022-07-21 00:00:00+00:00,43.790000915527344
2022-07-22 00:00:00+00:00,42.709999084472656
2022-07-25 00:00:00+00:00,42.939998626708984
2022-07-26 00:00:00+00:00,42.5099983215332
2022-07-27 00:00:00+00:00,43.09000015258789
2022-07-28 00:00:00+00:00,43.83000183105469
2022-07-29 00:00:00+00:00,44.040000915527344
2022-08-01 00:00:00+00:00,45.0099983215332
2022-08-02 00:00:00+00:00,45.5099983215332
2022-08-03 00:00:00+00:00,46.52000045776367
2022-08-04 00:00:00+00:00,46.81999969482422
2022-08-05 00:00:00+00:00,46.959999084472656
2022-08-08 00:00:00+00:00,46.90999984741211
2022-08-09 00:00:00+00:00,47.86000061035156
2022-08-10 00:00:00+00:00,48.77000045776367
2022-08-11 00:00:00+00:00,49.29999923706055
2022-08-12 00:00:00+00:00,49.63999938964844
2022-08-15 00:00:00+00:00,49.599998474121094
2022-08-16 00:00:00+00:00,50.11000061035156
2022-08-17 00:00:00+00:00,51.599998474121094
2022-08-18 00:00:00+00:00,51.560001373291016
2022-08-19 00:00:00+00:00,51.650001525878906
2022-08-22 00:00:00+00:00,49.2599983215332
2022-08-23 00:00:00+00:00,48.45000076293945
2022-08-24 00:00:00+00:00,47.45000076293945
2022-08-25 00:00:00+00:00,46.86000061035156
2022-08-26 00:00:00+00:00,47.29999923706055
2022-08-29 00:00:00+00:00,45.83000183105469
2022-08-30 00:00:00+00:00,43.88999938964844
2022-08-31 00:00:00+00:00,43.77000045776367
2022-09-01 00:00:00+00:00,43.5099983215332
2022-09-02 00:00:00+00:00,42.83000183105469
2022-09-06 00:00:00+00:00,39.7400016784668
2022-09-07 00:00:00+00:00,39.689998626708984
2022-09-08 00:00:00+00:00,38.599998474121094
2022-09-09 00:00:00+00:00,38.58000183105469
2022-09-12 00:00:00+00:00,41.099998474121094
2022-09-13 00:00:00+00:00,39.63999938964844
2022-09-14 00:00:00+00:00,40.63999938964844
2022-09-15 00:00:00+00:00,40.779998779296875
2022-09-16 00:00:00+00:00,41.040000915527344
2022-09-19 00:00:00+00:00,39.849998474121094
2022-09-20 00:00:00+00:00,39.7400016784668
2022-09-21 00:00:00+00:00,38.63999938964844
2022-09-22 00:00:00+00:00,38.84000015258789
2022-09-23 00:00:00+00:00,36.5
2022-09-26 00:00:00+00:00,37.34000015258789
2022-09-27 00:00:00+00:00,36.84000015258789
2022-09-28 00:00:00+00:00,36.470001220703125
2022-09-29 00:00:00+00:00,36.86000061035156
2022-09-30 00:00:00+00:00,37.20000076293945
2022-10-03 00:00:00+00:00,37.65999984741211
2022-10-04 00:00:00+00:00,38.189998626708984
2022-10-05 00:00:00+00:00,37.849998474121094
2022-10-06 00:00:00+00:00,38.560001373291016
2022-10-07 00:00:00+00:00,38.439998626708984
2022-10-10 00:00:00+00:00,37.70000076293945
2022-10-11 00:00:00+00:00,37.61000061035156
2022-10-12 00:00:00+00:00,37.689998626708984
2022-10-13 00:00:00+00:00,38.849998474121094
2022-10-14 00:00:00+00:00,38.130001068115234
2022-10-17 00:00:00+00:00,38.18000030517578
2022-10-18 00:00:00+00:00,38.349998474121094
2022-10-19 00:00:00+00:00,37.63999938964844
2022-10-20 00:00:00+00:00,37.47999954223633
2022-10-21 00:00:00+00:00,38.709999084472656
2022-10-24 00:00:00+00:00,39.95000076293945
2022-10-25 00:00:00+00:00,41.79999923706055
2022-10-26 00:00:00+00:00,41.81999969482422
2022-10-27 00:00:00+00:00,43.38999938964844
2022-10-28 00:00:00+00:00,43.91999816894531
2022-10-31 00:00:00+00:00,43.38999938964844
2022-11-01 00:00:00+00:00,42.20000076293945
2022-11-02 00:00:00+00:00,41.61000061035156
2022-11-03 00:00:00+00:00,41.130001068115234
2022-11-04 00:00:00+00:00,41.849998474121094
2022-11-07 00:00:00+00:00,42.36000061035156
2022-11-08 00:00:00+00:00,41.88999938964844
2022-11-09 00:00:00+00:00,40.52000045776367
2022-11-10 00:00:00+00:00,41.220001220703125
2022-11-11 00:00:00+00:00,42.56999969482422
2022-11-14 00:00:00+00:00,42.13999938964844
2022-11-15 00:00:00+00:00,42.790000915527344
2022-11-16 00:00:00+00:00,41.779998779296875
2022-11-17 00:00:00+00:00,41.25
2022-11-18 00:00:00+00:00,41.0099983215332
2022-11-21 00:00:00+00:00,41.40999984741211
2022-11-22 00:00:00+00:00,41.400001525878906
2022-11-23 00:00:00+00:00,42.20000076293945
2022-11-25 00:00:00+00:00,43.27000045776367
2022-11-28 00:00:00+00:00,42.380001068115234
2022-11-29 00:00:00+00:00,43.439998626708984
2022-11-30 00:00:00+00:00,45.279998779296875
2022-12-01 00:00:00+00:00,45.86000061035156
2022-12-02 00:00:00+00:00,46.959999084472656
2022-12-05 00:00:00+00:00,46.52000045776367
2022-12-06 00:00:00+00:00,46.790000915527344
2022-12-07 00:00:00+00:00,46.880001068115234
2022-12-08 00:00:00+00:00,47.150001525878906
2022-12-09 00:00:00+00:00,46.869998931884766
2022-12-12 00:00:00+00:00,47.7400016784668
2022-12-13 00:00:00+00:00,47.7599983215332
2022-12-14 00:00:00+00:00,46.88999938964844
2022-12-15 00:00:00+00:00,46.4900016784668
2022-12-16 00:00:00+00:00,45.93000030517578
2022-12-19 00:00:00+00:00,45.91999816894531
2022-12-20 00:00:00+00:00,46.79999923706055
2022-12-21 00:00:00+00:00,46.36000061035156
2022-12-22 00:00:00+00:00,46.880001068115234
2022-12-23 00:00:00+00:00,46.9900016784668
2022-12-27 00:00:00+00:00,46.7400016784668
2022-12-28 00:00:00+00:00,37.52000045776367
2022-12-29 00:00:00+00:00,37.25
2022-12-30 00:00:00+00:00,36.470001220703125
2023-01-03 00:00:00+00:00,36.40999984741211
2023-01-04 00:00:00+00:00,34.65999984741211
2023-01-05 00:00:00+00:00,34.95000076293945
2023-01-06 00:00:00+00:00,34.91999816894531
2023-01-09 00:00:00+00:00,36.0
2023-01-10 00:00:00+00:00,35.970001220703125
2023-01-11 00:00:00+00:00,35.5
2023-01-12 00:00:00+00:00,36.09000015258789
2023-01-13 00:00:00+00:00,35.95000076293945
2023-01-17 00:00:00+00:00,35.91999816894531
2023-01-18 00:00:00+00:00,37.08000183105469
2023-01-19 00:00:00+00:00,37.2599983215332
2023-01-20 00:00:00+00:00,37.459999084472656
2023-01-23 00:00:00+00:00,37.279998779296875
2023-01-24 00:00:00+00:00,36.619998931884766
2023-01-25 00:00:00+00:00,37.29999923706055
2023-01-26 00:00:00+00:00,38.779998779296875
2023-01-27 00:00:00+00:00,38.52000045776367
2023-01-30 00:00:00+00:00,38.5099983215332
2023-01-31 00:00:00+00:00,39.54999923706055
2023-02-01 00:00:00+00:00,40.72999954223633
2023-02-02 00:00:00+00:00,39.84000015258789
2023-02-03 00:00:00+00:00,39.869998931884766
2023-02-06 00:00:00+00:00,38.84000015258789
2023-02-07 00:00:00+00:00,38.599998474121094
2023-02-08 00:00:00+00:00,38.41999816894531
2023-02-09 00:00:00+00:00,38.75
2023-02-10 00:00:00+00:00,39.06999969482422
2023-02-13 00:00:00+00:00,38.939998626708984
2023-02-14 00:00:00+00:00,38.650001525878906
2023-02-15 00:00:00+00:00,39.380001068115234
2023-02-16 00:00:00+00:00,40.220001220703125
2023-02-17 00:00:00+00:00,39.93000030517578
2023-02-21 00:00:00+00:00,40.93000030517578
2023-02-22 00:00:00+00:00,39.63999938964844
2023-02-23 00:00:00+00:00,39.900001525878906
2023-02-24 00:00:00+00:00,39.95000076293945
2023-02-27 00:00:00+00:00,40.91999816894531
2023-02-28 00:00:00+00:00,40.54999923706055
2023-03-01 00:00:00+00:00,40.27000045776367
2023-03-02 00:00:00+00:00,39.38999938964844
2023-03-03 00:00:00+00:00,39.349998474121094
2023-03-06 00:00:00+00:00,39.349998474121094
2023-03-07 00:00:00+00:00,39.79999923706055
2023-03-08 00:00:00+00:00,40.5
2023-03-09 00:00:00+00:00,40.9900016784668
2023-03-10 00:00:00+00:00,41.560001373291016
2023-03-13 00:00:00+00:00,40.20000076293945
2023-03-14 00:00:00+00:00,39.54999923706055
2023-03-15 00:00:00+00:00,38.04999923706055
2023-03-16 00:00:00+00:00,37.599998474121094
2023-03-17 00:00:00+00:00,37.70000076293945
2023-03-20 00:00:00+00:00,37.7599983215332
2023-03-21 00:00:00+00:00,38.810001373291016
2023-03-22 00:00:00+00:00,38.599998474121094
2023-03-23 00:00:00+00:00,39.720001220703125
2023-03-24 00:00:00+00:00,38.0
2023-03-27 00:00:00+00:00,38.220001220703125
2023-03-28 00:00:00+00:00,38.689998626708984
2023-03-29 00:00:00+00:00,38.90999984741211
2023-03-30 00:00:00+00:00,39.369998931884766
2023-03-31 00:00:00+00:00,39.650001525878906
2023-04-03 00:00:00+00:00,40.95000076293945
2023-04-04 00:00:00+00:00,40.560001373291016
2023-04-05 00:00:00+00:00,40.97999954223633
2023-04-06 00:00:00+00:00,40.84000015258789
2023-04-10 00:00:00+00:00,40.7400016784668
2023-04-11 00:00:00+00:00,41.029998779296875
2023-04-12 00:00:00+00:00,41.040000915527344
2023-04-13 00:00:00+00:00,40.810001373291016
2023-04-14 00:00:00+00:00,40.630001068115234
2023-04-17 00:00:00+00:00,40.22999954223633
2023-04-18 00:00:00+00:00,41.04999923706055
2023-04-19 00:00:00+00:00,40.810001373291016
2023-04-20 00:00:00+00:00,39.939998626708984
2023-04-21 00:00:00+00:00,39.59000015258789
2023-04-24 00:00:00+00:00,39.25
2023-04-25 00:00:00+00:00,38.43000030517578
2023-04-26 00:00:00+00:00,38.400001525878906
2023-04-27 00:00:00+00:00,38.779998779296875
2023-04-28 00:00:00+00:00,38.95000076293945
2023-05-01 00:00:00+00:00,38.36000061035156
2023-05-02 00:00:00+00:00,39.04999923706055
2023-05-03 00:00:00+00:00,38.20000076293945
2023-05-04 00:00:00+00:00,37.779998779296875
2023-05-05 00:00:00+00:00,38.02000045776367
2023-05-08 00:00:00+00:00,38.029998779296875
2023-05-09 00:00:00+00:00,38.439998626708984
2023-05-10 00:00:00+00:00,39.08000183105469
2023-05-11 00:00:00+00:00,38.70000076293945
2023-05-12 00:00:00+00:00,38.66999816894531
2023-05-15 00:00:00+00:00,38.16999816894531
2023-05-16 00:00:00+00:00,38.470001220703125
2023-05-17 00:00:00+00:00,38.38999938964844
2023-05-18 00:00:00+00:00,38.7400016784668
2023-05-19 00:00:00+00:00,38.7400016784668
2023-05-22 00:00:00+00:00,38.15999984741211
2023-05-23 00:00:00+00:00,37.470001220703125
2023-05-24 00:00:00+00:00,37.220001220703125
2023-05-25 00:00:00+00:00,36.72999954223633
2023-05-26 00:00:00+00:00,36.66999816894531
2023-05-30 00:00:00+00:00,36.11000061035156
2023-05-31 00:00:00+00:00,36.099998474121094
2023-06-01 00:00:00+00:00,35.880001068115234
2023-06-02 00:00:00+00:00,35.61000061035156
2023-06-05 00:00:00+00:00,36.70000076293945
2023-06-06 00:00:00+00:00,36.220001220703125
2023-06-07 00:00:00+00:00,36.95000076293945
2023-06-08 00:00:00+00:00,37.189998626708984
2023-06-09 00:00:00+00:00,37.900001525878906
2023-06-12 00:00:00+00:00,38.75
2023-06-13 00:00:00+00:00,39.4900016784668
2023-06-14 00:00:00+00:00,40.5099983215332
2023-06-15 00:00:00+00:00,40.97999954223633
2023-06-16 00:00:00+00:00,40.5
2023-06-20 00:00:00+00:00,41.130001068115234
2023-06-21 00:00:00+00:00,40.45000076293945
2023-06-22 00:00:00+00:00,40.34000015258789
2023-06-23 00:00:00+00:00,39.040000915527344
2023-06-26 00:00:00+00:00,38.599998474121094
2023-06-27 00:00:00+00:00,39.459999084472656
2023-06-28 00:00:00+00:00,37.630001068115234
2023-06-29 00:00:00+00:00,37.36000061035156
2023-06-30 00:00:00+00:00,37.91999816894531
2023-07-03 00:00:00+00:00,37.619998931884766
2023-07-05 00:00:00+00:00,36.869998931884766
2023-07-06 00:00:00+00:00,36.880001068115234
2023-07-07 00:00:00+00:00,37.040000915527344
2023-07-10 00:00:00+00:00,37.36000061035156
2023-07-11 00:00:00+00:00,37.58000183105469
2023-07-12 00:00:00+00:00,37.529998779296875
2023-07-13 00:00:00+00:00,38.13999938964844
2023-07-14 00:00:00+00:00,38.29999923706055
2023-07-17 00:00:00+00:00,38.4900016784668
2023-07-18 00:00:00+00:00,38.81999969482422
2023-07-19 00:00:00+00:00,39.08000183105469
2023-07-20 00:00:00+00:00,39.2599983215332
2023-07-21 00:00:00+00:00,39.54999923706055
2023-07-24 00:00:00+00:00,39.11000061035156
2023-07-25 00:00:00+00:00,39.380001068115234
2023-07-26 00:00:00+00:00,39.45000076293945
2023-07-27 00:00:00+00:00,39.61000061035156
2023-07-28 00:00:00+00:00,39.220001220703125
2023-07-31 00:00:00+00:00,38.86000061035156
2023-08-01 00:00:00+00:00,37.880001068115234
2023-08-02 00:00:00+00:00,37.13999938964844
2023-08-03 00:00:00+00:00,37.349998474121094
2023-08-04 00:00:00+00:00,37.4900016784668
2023-08-07 00:00:00+00:00,37.34000015258789
2023-08-08 00:00:00+00:00,37.75
2023-08-09 00:00:00+00:00,37.7400016784668
2023-08-10 00:00:00+00:00,37.790000915527344
2023-08-11 00:00:00+00:00,38.20000076293945
2023-08-14 00:00:00+00:00,38.16999816894531
2023-08-15 00:00:00+00:00,37.900001525878906
2023-08-16 00:00:00+00:00,38.33000183105469
2023-08-17 00:00:00+00:00,38.459999084472656
2023-08-18 00:00:00+00:00,38.36000061035156
2023-08-21 00:00:00+00:00,38.47999954223633
2023-08-22 00:00:00+00:00,38.90999984741211
2023-08-23 00:00:00+00:00,38.91999816894531
2023-08-24 00:00:00+00:00,37.81999969482422
2023-08-25 00:00:00+00:00,37.869998931884766
2023-08-28 00:00:00+00:00,37.77000045776367
2023-08-29 00:00:00+00:00,37.970001220703125
2023-08-30 00:00:00+00:00,38.34000015258789
2023-08-31 00:00:00+00:00,38.16999816894531
2023-09-01 00:00:00+00:00,37.880001068115234
2023-09-05 00:00:00+00:00,37.31999969482422
2023-09-06 00:00:00+00:00,37.220001220703125
2023-09-07 00:00:00+00:00,37.11000061035156
2023-09-08 00:00:00+00:00,36.72999954223633
2023-09-11 00:00:00+00:00,36.86000061035156
2023-09-12 00:00:00+00:00,36.56999969482422
2023-09-13 00:00:00+00:00,37.36000061035156
2023-09-14 00:00:00+00:00,36.9900016784668
2023-09-15 00:00:00+00:00,36.66999816894531
2023-09-18 00:00:00+00:00,36.290000915527344
2023-09-19 00:00:00+00:00,36.40999984741211
2023-09-20 00:00:00+00:00,36.77000045776367
2023-09-21 00:00:00+00:00,37.04999923706055
2023-09-22 00:00:00+00:00,37.43000030517578
2023-09-25 00:00:00+00:00,37.029998779296875
2023-09-26 00:00:00+00:00,36.400001525878906
2023-09-27 00:00:00+00:00,36.0
2023-09-28 00:00:00+00:00,36.38999938964844
2023-09-29 00:00:00+00:00,36.130001068115234
2023-10-02 00:00:00+00:00,35.869998931884766
2023-10-03 00:00:00+00:00,35.72999954223633
2023-10-04 00:00:00+00:00,36.31999969482422
2023-10-05 00:00:00+00:00,36.08000183105469
2023-10-06 00:00:00+00:00,36.31999969482422
2023-10-09 00:00:00+00:00,36.58000183105469
2023-10-10 00:00:00+00:00,37.52000045776367
2023-10-11 00:00:00+00:00,37.25
2023-10-12 00:00:00+00:00,37.439998626708984
2023-10-13 00:00:00+00:00,37.439998626708984
2023-10-16 00:00:00+00:00,37.060001373291016
2023-10-17 00:00:00+00:00,36.79999923706055
2023-10-18 00:00:00+00:00,36.310001373291016
2023-10-19 00:00:00+00:00,36.599998474121094
2023-10-20 00:00:00+00:00,36.63999938964844
2023-10-23 00:00:00+00:00,36.33000183105469
2023-10-24 00:00:00+00:00,36.31999969482422
2023-10-25 00:00:00+00:00,36.189998626708984
2023-10-26 00:00:00+00:00,36.13999938964844
2023-10-27 00:00:00+00:00,36.0
2023-10-30 00:00:00+00:00,36.119998931884766
2023-10-31 00:00:00+00:00,36.189998626708984
2023-11-01 00:00:00+00:00,35.93000030517578
2023-11-02 00:00:00+00:00,36.380001068115234
2023-11-03 00:00:00+00:00,36.220001220703125
2023-11-06 00:00:00+00:00,35.880001068115234
2023-11-07 00:00:00+00:00,35.689998626708984
2023-11-08 00:00:00+00:00,35.72999954223633
2023-11-09 00:00:00+00:00,36.16999816894531
2023-11-10 00:00:00+00:00,36.540000915527344
2023-11-13 00:00:00+00:00,36.099998474121094
2023-11-14 00:00:00+00:00,36.97999954223633
2023-11-15 00:00:00+00:00,37.290000915527344
2023-11-16 00:00:00+00:00,36.75
2023-11-17 00:00:00+00:00,36.68000030517578
2023-11-20 00:00:00+00:00,36.720001220703125
2023-11-21 00:00:00+00:00,36.43000030517578
2023-11-22 00:00:00+00:00,36.38999938964844
2023-11-24 00:00:00+00:00,36.900001525878906
2023-11-27 00:00:00+00:00,35.959999084472656
2023-11-28 00:00:00+00:00,35.869998931884766
2023-11-29 00:00:00+00:00,35.2400016784668
2023-11-30 00:00:00+00:00,35.0099983215332
2023-12-01 00:00:00+00:00,35.209999084472656
2023-12-04 00:00:00+00:00,34.619998931884766
2023-12-05 00:00:00+00:00,34.0
2023-12-06 00:00:00+00:00,33.93000030517578
2023-12-07 00:00:00+00:00,34.209999084472656
2023-12-08 00:00:00+00:00,33.849998474121094
2023-12-11 00:00:00+00:00,33.529998779296875
2023-12-12 00:00:00+00:00,33.869998931884766
2023-12-13 00:00:00+00:00,34.38999938964844
2023-12-14 00:00:00+00:00,34.099998474121094
2023-12-15 00:00:00+00:00,33.83000183105469
2023-12-18 00:00:00+00:00,33.34000015258789
2023-12-19 00:00:00+00:00,33.560001373291016
2023-12-20 00:00:00+00:00,34.349998474121094
2023-12-21 00:00:00+00:00,35.459999084472656
2023-12-22 00:00:00+00:00,35.7599983215332
2023-12-26 00:00:00+00:00,35.84000015258789
2023-12-27 00:00:00+00:00,36.36000061035156
2023-12-28 00:00:00+00:00,36.34000015258789
2023-12-29 00:00:00+00:00,36.4900016784668
2024-01-02 00:00:00+00:00,35.11000061035156
2024-01-03 00:00:00+00:00,35.630001068115234
2024-01-04 00:00:00+00:00,35.33000183105469
2024-01-05 00:00:00+00:00,35.56999969482422
2024-01-08 00:00:00+00:00,34.27000045776367
2024-01-09 00:00:00+00:00,34.25
2024-01-10 00:00:00+00:00,33.79999923706055
2024-01-11 00:00:00+00:00,33.02000045776367
2024-01-12 00:00:00+00:00,32.34000015258789
2024-01-16 00:00:00+00:00,32.08000183105469
2024-01-17 00:00:00+00:00,31.610000610351562
2024-01-18 00:00:00+00:00,31.520000457763672
2024-01-19 00:00:00+00:00,31.760000228881836
2024-01-22 00:00:00+00:00,31.280000686645508
2024-01-23 00:00:00+00:00,31.450000762939453
2024-01-24 00:00:00+00:00,32.279998779296875
2024-01-25 00:00:00+00:00,31.600000381469727
2024-01-26 00:00:00+00:00,31.479999542236328
2024-01-29 00:00:00+00:00,31.0
2024-01-30 00:00:00+00:00,31.649999618530273
2024-01-31 00:00:00+00:00,31.700000762939453
2024-02-01 00:00:00+00:00,31.459999084472656
2024-02-02 00:00:00+00:00,31.719999313354492
2024-02-05 00:00:00+00:00,31.350000381469727
2024-02-06 00:00:00+00:00,31.459999084472656
2024-02-07 00:00:00+00:00,31.139999389648438
2024-02-08 00:00:00+00:00,30.709999084472656
2024-02-09 00:00:00+00:00,30.229999542236328
2024-02-12 00:00:00+00:00,29.65999984741211
2024-02-13 00:00:00+00:00,29.399999618530273
2024-02-14 00:00:00+00:00,29.3700008392334
2024-02-15 00:00:00+00:00,29.920000076293945
2024-02-16 00:00:00+00:00,29.549999237060547
2024-02-20 00:00:00+00:00,28.760000228881836
2024-02-21 00:00:00+00:00,28.93000030517578
2024-02-22 00:00:00+00:00,28.549999237060547
2024-02-23 00:00:00+00:00,28.579999923706055
2024-02-26 00:00:00+00:00,28.760000228881836
2024-02-27 00:00:00+00:00,29.280000686645508
2024-02-28 00:00:00+00:00,29.700000762939453
2024-02-29 00:00:00+00:00,29.489999771118164
2024-03-01 00:00:00+00:00,29.510000228881836
2024-03-04 00:00:00+00:00,29.649999618530273
2024-03-05 00:00:00+00:00,30.520000457763672
2024-03-06 00:00:00+00:00,30.139999389648438
2024-03-07 00:00:00+00:00,30.440000534057617
2024-03-08 00:00:00+00:00,30.040000915527344
2024-03-11 00:00:00+00:00,29.299999237060547
2024-03-12 00:00:00+00:00,29.510000228881836
2024-03-13 00:00:00+00:00,28.530000686645508
2024-03-14 00:00:00+00:00,29.520000457763672
2024-03-15 00:00:00+00:00,29.959999084472656
2024-03-18 00:00:00+00:00,30.40999984741211
2024-03-19 00:00:00+00:00,30.469999313354492
2024-03-20 00:00:00+00:00,30.459999084472656
2024-03-21 00:00:00+00:00,30.239999771118164
2024-03-22 00:00:00+00:00,30.770000457763672
2024-03-25 00:00:00+00:00,31.510000228881836
2024-03-26 00:00:00+00:00,30.81999969482422
2024-03-27 00:00:00+00:00,30.850000381469727
2024-03-28 00:00:00+00:00,30.760000228881836
2024-04-01 00:00:00+00:00,30.799999237060547
2024-04-02 00:00:00+00:00,29.850000381469727
2024-04-03 00:00:00+00:00,29.489999771118164
2024-04-04 00:00:00+00:00,29.559999465942383
2024-04-05 00:00:00+00:00,30.25
2024-04-08 00:00:00+00:00,30.940000534057617
2024-04-09 00:00:00+00:00,31.299999237060547
2024-04-10 00:00:00+00:00,30.770000457763672
2024-04-11 00:00:00+00:00,32.5
2024-04-12 00:00:00+00:00,33.15999984741211
2024-04-15 00:00:00+00:00,32.59000015258789
2024-04-16 00:00:00+00:00,33.66999816894531
2024-04-17 00:00:00+00:00,32.810001373291016
2024-04-18 00:00:00+00:00,33.040000915527344
2024-04-19 00:00:00+00:00,32.29999923706055
2024-04-22 00:00:00+00:00,31.719999313354492
2024-04-23 00:00:00+00:00,31.799999237060547
2024-04-24 00:00:00+00:00,31.920000076293945
2024-04-25 00:00:00+00:00,32.43000030517578
2024-04-26 00:00:00+00:00,32.209999084472656
2024-04-29 00:00:00+00:00,31.68000030517578
2024-04-30 00:00:00+00:00,32.5
2024-05-01 00:00:00+00:00,32.33000183105469
2024-05-02 00:00:00+00:00,33.849998474121094
2024-05-03 00:00:00+00:00,33.70000076293945
2024-05-06 00:00:00+00:00,34.25
2024-05-07 00:00:00+00:00,33.439998626708984
2024-05-08 00:00:00+00:00,33.7400016784668
2024-05-09 00:00:00+00:00,34.33000183105469
2024-05-10 00:00:00+00:00,33.619998931884766
2024-05-13 00:00:00+00:00,33.09000015258789
2024-05-14 00:00:00+00:00,33.27000045776367
2024-05-15 00:00:00+00:00,33.220001220703125
2024-05-16 00:00:00+00:00,33.959999084472656
2024-05-17 00:00:00+00:00,33.81999969482422
2024-05-20 00:00:00+00:00,34.93000030517578
2024-05-21 00:00:00+00:00,35.349998474121094
2024-05-22 00:00:00+00:00,35.59000015258789
2024-05-23 00:00:00+00:00,35.540000915527344
2024-05-24 00:00:00+00:00,35.689998626708984
2024-05-28 00:00:00+00:00,35.349998474121094
2024-05-29 00:00:00+00:00,35.060001373291016
2024-05-30 00:00:00+00:00,35.209999084472656
2024-05-31 00:00:00+00:00,34.84000015258789
2024-06-03 00:00:00+00:00,34.900001525878906
2024-06-04 00:00:00+00:00,33.81999969482422
2024-06-05 00:00:00+00:00,33.38999938964844
2024-06-06 00:00:00+00:00,33.79999923706055
2024-06-07 00:00:00+00:00,33.38999938964844
2024-06-10 00:00:00+00:00,33.27000045776367
2024-06-11 00:00:00+00:00,32.9900016784668
2024-06-12 00:00:00+00:00,33.2400016784668
2024-06-13 00:00:00+00:00,33.279998779296875
2024-06-14 00:00:00+00:00,32.459999084472656
2024-06-17 00:00:00+00:00,32.38999938964844
2024-06-18 00:00:00+00:00,32.5
2024-06-20 00:00:00+00:00,32.4900016784668
2024-06-21 00:00:00+00:00,32.04999923706055
2024-06-24 00:00:00+00:00,32.099998474121094
2024-06-25 00:00:00+00:00,32.380001068115234
2024-06-26 00:00:00+00:00,32.22999954223633
2024-06-27 00:00:00+00:00,32.2400016784668
2024-06-28 00:00:00+00:00,32.540000915527344
2024-07-01 00:00:00+00:00,32.79999923706055
2024-07-02 00:00:00+00:00,33.52000045776367
2024-07-03 00:00:00+00:00,33.619998931884766
2024-07-05 00:00:00+00:00,33.45000076293945
2024-07-08 00:00:00+00:00,33.060001373291016
2024-07-09 00:00:00+00:00,32.77000045776367
2024-07-10 00:00:00+00:00,32.25
2024-07-11 00:00:00+00:00,32.31999969482422
2024-07-12 00:00:00+00:00,32.599998474121094
2024-07-15 00:00:00+00:00,31.940000534057617
2024-07-16 00:00:00+00:00,31.8700008392334
2024-07-17 00:00:00+00:00,31.579999923706055
2024-07-18 00:00:00+00:00,31.459999084472656
2024-07-19 00:00:00+00:00,31.40999984741211
2024-07-22 00:00:00+00:00,31.059999465942383
2024-07-23 00:00:00+00:00,31.280000686645508
2024-07-24 00:00:00+00:00,32.13999938964844
2024-07-25 00:00:00+00:00,31.639999389648438
2024-07-26 00:00:00+00:00,31.780000686645508
2024-07-29 00:00:00+00:00,31.889999389648438
2024-07-30 00:00:00+00:00,31.59000015258789
2024-07-31 00:00:00+00:00,32.11000061035156
2024-08-01 00:00:00+00:00,32.970001220703125
2024-08-02 00:00:00+00:00,32.709999084472656
2024-08-05 00:00:00+00:00,32.2400016784668
2024-08-06 00:00:00+00:00,32.650001525878906
2024-08-07 00:00:00+00:00,32.86000061035156
2024-08-08 00:00:00+00:00,32.849998474121094
2024-08-09 00:00:00+00:00,32.540000915527344
2024-08-12 00:00:00+00:00,33.2400016784668
2024-08-13 00:00:00+00:00,33.029998779296875
2024-08-14 00:00:00+00:00,33.130001068115234
2024-08-15 00:00:00+00:00,33.18000030517578
2024-08-16 00:00:00+00:00,33.27000045776367
2024-08-19 00:00:00+00:00,33.619998931884766
2024-08-20 00:00:00+00:00,33.70000076293945
2024-08-21 00:00:00+00:00,33.189998626708984
2024-08-22 00:00:00+00:00,33.09000015258789
2024-08-23 00:00:00+00:00,33.27000045776367
2024-08-26 00:00:00+00:00,32.970001220703125
2024-08-27 00:00:00+00:00,33.66999816894531
2024-08-28 00:00:00+00:00,33.209999084472656
2024-08-29 00:00:00+00:00,33.22999954223633
2024-08-30 00:00:00+00:00,33.130001068115234
2024-09-03 00:00:00+00:00,32.56999969482422
2024-09-04 00:00:00+00:00,32.130001068115234
2024-09-05 00:00:00+00:00,31.979999542236328
2024-09-06 00:00:00+00:00,31.93000030517578
2024-09-09 00:00:00+00:00,31.979999542236328
2024-09-10 00:00:00+00:00,31.459999084472656
2024-09-11 00:00:00+00:00,31.709999084472656
2024-09-12 00:00:00+00:00,31.5
2024-09-13 00:00:00+00:00,31.729999542236328
2024-09-16 00:00:00+00:00,31.239999771118164
2024-09-17 00:00:00+00:00,31.479999542236328
2024-09-18 00:00:00+00:00,31.350000381469727
2024-09-19 00:00:00+00:00,31.309999465942383
2024-09-20 00:00:00+00:00,31.489999771118164
2024-09-23 00:00:00+00:00,31.360000610351562
2024-09-24 00:00:00+00:00,31.309999465942383
2024-09-25 00:00:00+00:00,31.559999465942383
2024-09-26 00:00:00+00:00,31.809999465942383
2024-09-27 00:00:00+00:00,31.899999618530273
2024-09-30 00:00:00+00:00,31.65999984741211
2024-10-01 00:00:00+00:00,31.010000228881836
2024-10-02 00:00:00+00:00,30.829999923706055
2024-10-03 00:00:00+00:00,30.739999771118164
2024-10-04 00:00:00+00:00,30.709999084472656
2024-10-07 00:00:00+00:00,30.8700008392334
2024-10-08 00:00:00+00:00,30.389999389648438
2024-10-09 00:00:00+00:00,30.950000762939453
2024-10-10 00:00:00+00:00,31.6200008392334
2024-10-11 00:00:00+00:00,31.690000534057617
2024-10-14 00:00:00+00:00,32.06999969482422
2024-10-15 00:00:00+00:00,32.029998779296875
2024-10-16 00:00:00+00:00,31.450000762939453
2024-10-17 00:00:00+00:00,31.299999237060547
2024-10-18 00:00:00+00:00,31.489999771118164
2024-10-21 00:00:00+00:00,31.149999618530273
2024-10-22 00:00:00+00:00,30.969999313354492
2024-10-23 00:00:00+00:00,31.690000534057617
2024-10-24 00:00:00+00:00,32.189998626708984
2024-10-25 00:00:00+00:00,32.18000030517578
2024-10-28 00:00:00+00:00,32.029998779296875
2024-10-29 00:00:00+00:00,32.209999084472656
2024-10-30 00:00:00+00:00,32.02000045776367
2024-10-31 00:00:00+00:00,31.6299991607666
2024-11-01 00:00:00+00:00,31.559999465942383
2024-11-04 00:00:00+00:00,32.09000015258789
2024-11-05 00:00:00+00:00,31.790000915527344
2024-11-06 00:00:00+00:00,31.75
2024-11-07 00:00:00+00:00,32.560001373291016
2024-11-08 00:00:00+00:00,32.81999969482422
2024-11-11 00:00:00+00:00,32.689998626708984
2024-11-12 00:00:00+00:00,32.04999923706055
2024-11-13 00:00:00+00:00,31.5
2024-11-14 00:00:00+00:00,31.540000915527344
2024-11-15 00:00:00+00:00,31.010000228881836
2024-11-18 00:00:00+00:00,31.790000915527344
2024-11-19 00:00:00+00:00,31.40999984741211
2024-11-20 00:00:00+00:00,31.260000228881836
2024-11-21 00:00:00+00:00,31.75
2024-11-22 00:00:00+00:00,31.260000228881836
2024-11-25 00:00:00+00:00,31.690000534057617
2024-11-26 00:00:00+00:00,31.290000915527344
2024-11-27 00:00:00+00:00,31.219999313354492
2024-11-29 00:00:00+00:00,31.329999923706055
2024-12-02 00:00:00+00:00,31.219999313354492
2024-12-03 00:00:00+00:00,31.010000228881836
2024-12-04 00:00:00+00:00,30.549999237060547
2024-12-05 00:00:00+00:00,30.260000228881836
2024-12-06 00:00:00+00:00,30.8799991607666
2024-12-09 00:00:00+00:00,30.31999969482422
2024-12-10 00:00:00+00:00,30.84000015258789
2024-12-11 00:00:00+00:00,30.850000381469727
2024-12-12 00:00:00+00:00,29.950000762939453
2024-12-13 00:00:00+00:00,29.700000762939453
2024-12-16 00:00:00+00:00,29.420000076293945
2024-12-17 00:00:00+00:00,27.280000686645508
2024-12-18 00:00:00+00:00,26.979999542236328
2024-12-19 00:00:00+00:00,27.790000915527344
2024-12-20 00:00:00+00:00,27.729999542236328
2024-12-23 00:00:00+00:00,28.18000030517578
2024-12-24 00:00:00+00:00,28.229999542236328
2024-12-26 00:00:00+00:00,28.100000381469727
2024-12-27 00:00:00+00:00,28.75
2024-12-30 00:00:00+00:00,28.920000076293945
2024-12-31 00:00:00+00:00,29.309999465942383
2025-01-02 00:00:00+00:00,29.56999969482422
2025-01-03 00:00:00+00:00,29.989999771118164
2025-01-06 00:00:00+00:00,29.600000381469727
2025-01-07 00:00:00+00:00,29.209999084472656
2025-01-08 00:00:00+00:00,28.540000915527344
2025-01-10 00:00:00+00:00,28.65999984741211
2025-01-13 00:00:00+00:00,29.440000534057617
2025-01-14 00:00:00+00:00,29.18000030517578
2025-01-15 00:00:00+00:00,29.329999923706055
2025-01-16 00:00:00+00:00,29.239999771118164
2025-01-17 00:00:00+00:00,29.610000610351562
2025-01-21 00:00:00+00:00,29.68000030517578
2025-01-22 00:00:00+00:00,29.559999465942383
2025-01-23 00:00:00+00:00,30.049999237060547
2025-01-24 00:00:00+00:00,30.469999313354492
2025-01-27 00:00:00+00:00,29.56999969482422
2025-01-28 00:00:00+00:00,30.049999237060547
2025-01-29 00:00:00+00:00,30.84000015258789
2025-01-30 00:00:00+00:00,30.68000030517578
2025-01-31 00:00:00+00:00,30.989999771118164
2025-02-03 00:00:00+00:00,30.1299991607666
2025-02-04 00:00:00+00:00,30.209999084472656
2025-02-05 00:00:00+00:00,30.280000686645508
2025-02-06 00:00:00+00:00,30.389999389648438
2025-02-07 00:00:00+00:00,30.360000610351562
2025-02-10 00:00:00+00:00,30.540000915527344
2025-02-11 00:00:00+00:00,30.540000915527344
2025-02-12 00:00:00+00:00,30.260000228881836
2025-02-13 00:00:00+00:00,29.75
2025-02-14 00:00:00+00:00,30.469999313354492
2025-02-18 00:00:00+00:00,29.100000381469727
2025-02-19 00:00:00+00:00,28.3799991607666
2025-02-20 00:00:00+00:00,28.260000228881836
2025-02-21 00:00:00+00:00,28.610000610351562
2025-02-24 00:00:00+00:00,28.65999984741211
2025-02-25 00:00:00+00:00,28.209999084472656
2025-02-26 00:00:00+00:00,28.1299991607666
2025-02-27 00:00:00+00:00,28.459999084472656
2025-02-28 00:00:00+00:00,27.889999389648438
2025-03-03 00:00:00+00:00,28.209999084472656
2025-03-04 00:00:00+00:00,27.579999923706055
2025-03-05 00:00:00+00:00,27.899999618530273
2025-03-06 00:00:00+00:00,27.65999984741211
2025-03-07 00:00:00+00:00,28.030000686645508
2025-03-10 00:00:00+00:00,28.049999237060547
2025-03-11 00:00:00+00:00,27.850000381469727
2025-03-12 00:00:00+00:00,28.09000015258789
2025-03-13 00:00:00+00:00,28.1200008392334
2025-03-14 00:00:00+00:00,28.290000915527344
2025-03-17 00:00:00+00:00,28.299999237060547
2025-03-18 00:00:00+00:00,28.979999542236328
2025-03-19 00:00:00+00:00,29.68000030517578
2025-03-20 00:00:00+00:00,29.389999389648438
2025-03-21 00:00:00+00:00,28.90999984741211
2025-03-24 00:00:00+00:00,29.040000915527344
2025-03-25 00:00:00+00:00,28.75
2025-03-26 00:00:00+00:00,28.65999984741211
2025-03-27 00:00:00+00:00,28.209999084472656
2025-03-28 00:00:00+00:00,28.420000076293945
2025-03-31 00:00:00+00:00,28.219999313354492
2025-04-01 00:00:00+00:00,28.59000015258789
2025-04-02 00:00:00+00:00,28.219999313354492
2025-04-03 00:00:00+00:00,27.760000228881836
2025-04-04 00:00:00+00:00,26.690000534057617
2025-04-07 00:00:00+00:00,26.149999618530273
2025-04-08 00:00:00+00:00,26.440000534057617
2025-04-09 00:00:00+00:00,25.8700008392334
2025-04-10 00:00:00+00:00,25.850000381469727
2025-04-11 00:00:00+00:00,26.989999771118164
2025-04-14 00:00:00+00:00,27.450000762939453
2025-04-15 00:00:00+00:00,27.329999923706055
2025-04-16 00:00:00+00:00,27.75
2025-04-17 00:00:00+00:00,27.690000534057617
2025-04-21 00:00:00+00:00,27.610000610351562
2025-04-22 00:00:00+00:00,27.260000228881836
2025-04-23 00:00:00+00:00,27.600000381469727
2025-04-24 00:00:00+00:00,27.690000534057617
2025-04-25 00:00:00+00:00,27.790000915527344
2025-04-28 00:00:00+00:00,27.5
2025-04-29 00:00:00+00:00,27.219999313354492
2025-04-30 00:00:00+00:00,27.6299991607666
2025-05-01 00:00:00+00:00,27.829999923706055
2025-05-02 00:00:00+00:00,28.549999237060547
2025-05-05 00:00:00+00:00,28.209999084472656
2025-05-06 00:00:00+00:00,28.81999969482422
2025-05-07 00:00:00+00:00,29.209999084472656
2025-05-08 00:00:00+00:00,29.200000762939453
2025-05-09 00:00:00+00:00,29.100000381469727
2025-05-12 00:00:00+00:00,29.649999618530273
2025-05-13 00:00:00+00:00,29.600000381469727
2025-05-14 00:00:00+00:00,29.329999923706055
2025-05-15 00:00:00+00:00,29.59000015258789
2025-05-16 00:00:00+00:00,28.860000610351562
2025-05-19 00:00:00+00:00,28.950000762939453
2025-05-20 00:00:00+00:00,29.8700008392334
2025-05-21 00:00:00+00:00,29.670000076293945
2025-05-22 00:00:00+00:00,29.3799991607666
2025-05-23 00:00:00+00:00,29.350000381469727
2025-05-27 00:00:00+00:00,29.1299991607666
2025-05-28 00:00:00+00:00,29.18000030517578
2025-05-29 00:00:00+00:00,28.93000030517578
2025-05-30 00:00:00+00:00,28.75
2025-06-02 00:00:00+00:00,29.149999618530273
2025-06-03 00:00:00+00:00,29.5
2025-06-04 00:00:00+00:00,29.350000381469727
2025-06-05 00:00:00+00:00,29.670000076293945
2025-06-06 00:00:00+00:00,29.6200008392334
2025-06-09 00:00:00+00:00,29.790000915527344
2025-06-10 00:00:00+00:00,29.709999084472656
2025-06-11 00:00:00+00:00,30.139999389648438
2025-06-12 00:00:00+00:00,30.610000610351562
2025-06-13 00:00:00+00:00,30.770000457763672
2025-06-16 00:00:00+00:00,30.510000228881836
2025-06-17 00:00:00+00:00,30.43000030517578
2025-06-18 00:00:00+00:00,30.6299991607666
2025-06-20 00:00:00+00:00,30.399999618530273
2025-06-23 00:00:00+00:00,30.489999771118164
2025-06-24 00:00:00+00:00,30.709999084472656
2025-06-25 00:00:00+00:00,30.229999542236328
2025-06-26 00:00:00+00:00,30.0
2025-06-27 00:00:00+00:00,30.170000076293945
2025-06-30 00:00:00+00:00,29.690000534057617
2025-07-01 00:00:00+00:00,30.100000381469727
2025-07-02 00:00:00+00:00,30.3799991607666
2025-07-03 00:00:00+00:00,30.479999542236328
2025-07-07 00:00:00+00:00,29.860000610351562
2025-07-08 00:00:00+00:00,29.760000228881836
2025-07-09 00:00:00+00:00,29.860000610351562
2025-07-10 00:00:00+00:00,29.889999389648438
2025-07-11 00:00:00+00:00,29.899999618530273
2025-07-14 00:00:00+00:00,29.93000030517578
2025-07-15 00:00:00+00:00,30.0
2025-07-16 00:00:00+00:00,30.290000915527344
2025-07-17 00:00:00+00:00,30.09000015258789
2025-07-18 00:00:00+00:00,30.0
2025-07-21 00:00:00+00:00,29.889999389648438
2025-07-22 00:00:00+00:00,29.899999618530273
2025-07-23 00:00:00+00:00,30.079999923706055
2025-07-24 00:00:00+00:00,30.399999618530273
2025-07-25 00:00:00+00:00,30.530000686645508
2025-07-28 00:00:00+00:00,30.149999618530273
2025-07-29 00:00:00+00:00,30.65999984741211
2025-07-30 00:00:00+00:00,30.389999389648438
2025-07-31 00:00:00+00:00,30.190000534057617
2025-08-01 00:00:00+00:00,30.09000015258789
2025-08-04 00:00:00+00:00,30.0
2025-08-05 00:00:00+00:00,30.209999084472656
2025-08-06 00:00:00+00:00,30.200000762939453
2025-08-07 00:00:00+00:00,30.520000457763672
2025-08-08 00:00:00+00:00,30.860000610351562
2025-08-11 00:00:00+00:00,30.56999969482422
2025-08-12 00:00:00+00:00,30.450000762939453
2025-08-13 00:00:00+00:00,30.56999969482422
2025-08-14 00:00:00+00:00,30.290000915527344
2025-08-15 00:00:00+00:00,30.229999542236328
2025-08-18 00:00:00+00:00,30.510000228881836
2025-08-19 00:00:00+00:00,30.389999389648438
2025-08-20 00:00:00+00:00,30.459999084472656
2025-08-21 00:00:00+00:00,30.790000915527344
2025-08-22 00:00:00+00:00,30.920000076293945
2025-08-25 00:00:00+00:00,30.719999313354492
2025-08-26 00:00:00+00:00,30.899999618530273
2025-08-27 00:00:00+00:00,30.829999923706055
2025-08-28 00:00:00+00:00,30.799999237060547
2025-08-29 00:00:00+00:00,31.18000030517578
2025-09-02 00:00:00+00:00,31.43000030517578
2025-09-03 00:00:00+00:00,31.709999084472656
2025-09-04 00:00:00+00:00,31.760000228881836
2025-09-05 00:00:00+00:00,32.02000045776367
2025-09-08 00:00:00+00:00,32.25
2025-09-09 00:00:00+00:00,32.189998626708984
2025-09-10 00:00:00+00:00,32.7400016784668
2025-09-11 00:00:00+00:00,32.5
2025-09-12 00:00:00+00:00,32.68000030517578
2025-09-15 00:00:00+00:00,33.349998474121094
2025-09-16 00:00:00+00:00,33.34000015258789
2025-09-17 00:00:00+00:00,32.93000030517578
2025-09-18 00:00:00+00:00,33.119998931884766
2025-09-19 00:00:00+00:00,33.060001373291016
2025-09-22 00:00:00+00:00,32.77000045776367
2025-09-23 00:00:00+00:00,32.939998626708984
2025-09-24 00:00:00+00:00,32.68000030517578
2025-09-25 00:00:00+00:00,32.33000183105469
2025-09-26 00:00:00+00:00,32.5099983215332
2025-09-29 00:00:00+00:00,32.79999923706055
2025-09-30 00:00:00+00:00,32.400001525878906
2025-10-01 00:00:00+00:00,32.66999816894531
2025-10-02 00:00:00+00:00,33.06999969482422
2025-10-03 00:00:00+00:00,33.7400016784668
2025-10-06 00:00:00+00:00,33.79999923706055
2025-10-07 00:00:00+00:00,33.400001525878906
2025-10-08 00:00:00+00:00,33.619998931884766
2025-10-09 00:00:00+00:00,33.540000915527344
2025-10-10 00:00:00+00:00,33.58000183105469
2025-10-13 00:00:00+00:00,33.2400016784668
2025-10-14 00:00:00+00:00,32.9900016784668
2025-10-15 00:00:00+00:00,33.43000030517578
2025-10-16 00:00:00+00:00,33.91999816894531
2025-10-17 00:00:00+00:00,33.880001068115234
2025-10-20 00:00:00+00:00,33.970001220703125
2025-10-21 00:00:00+00:00,33.70000076293945
2025-10-22 00:00:00+00:00,33.5099983215332
2025-10-23 00:00:00+00:00,33.41999816894531
2025-10-24 00:00:00+00:00,33.4900016784668
2025-10-27 00:00:00+00:00,33.41999816894531
2025-10-28 00:00:00+00:00,33.61000061035156
2025-10-29 00:00:00+00:00,33.65999984741211
2025-10-30 00:00:00+00:00,33.720001220703125
2025-10-31 00:00:00+00:00,33.54999923706055
2025-11-03 00:00:00+00:00,34.04999923706055
2025-11-04 00:00:00+00:00,34.16999816894531
2025-11-05 00:00:00+00:00,33.97999954223633
2025-11-06 00:00:00+00:00,33.70000076293945
2025-11-07 00:00:00+00:00,33.63999938964844
2025-11-10 00:00:00+00:00,33.68000030517578
2025-11-11 00:00:00+00:00,33.810001373291016
2025-11-12 00:00:00+00:00,34.130001068115234
2025-11-13 00:00:00+00:00,33.70000076293945
2025-11-14 00:00:00+00:00,33.77000045776367
2025-11-17 00:00:00+00:00,33.45000076293945
2025-11-18 00:00:00+00:00,33.880001068115234
2025-11-19 00:00:00+00:00,33.650001525878906
2025-11-20 00:00:00+00:00,33.83000183105469
2025-11-21 00:00:00+00:00,33.77000045776367
2025-11-24 00:00:00+00:00,33.90999984741211
2025-11-25 00:00:00+00:00,34.349998474121094
2025-11-26 00:00:00+00:00,34.15999984741211
2025-11-28 00:00:00+00:00,34.220001220703125
2025-12-01 00:00:00+00:00,34.45000076293945
2025-12-02 00:00:00+00:00,34.209999084472656
2025-12-03 00:00:00+00:00,34.189998626708984
2025-12-04 00:00:00+00:00,34.560001373291016
2025-12-05 00:00:00+00:00,34.029998779296875
2025-12-08 00:00:00+00:00,34.369998931884766
2025-12-09 00:00:00+00:00,34.540000915527344
2025-12-10 00:00:00+00:00,34.70000076293945
2025-12-11 00:00:00+00:00,35.071998596191406
2025-12-12 00:00:00+00:00,35.130001068115234
2025-12-15 00:00:00+00:00,35.599998474121094
2025-12-16 00:00:00+00:00,35.5
2025-12-17 00:00:00+00:00,35.25
2025-12-18 00:00:00+00:00,35.349998474121094
2025-12-19 00:00:00+00:00,35.61000061035156
2025-12-22 00:00:00+00:00,35.279998779296875
2025-12-23 00:00:00+00:00,35.5
2025-12-24 00:00:00+00:00,35.5
2025-12-26 00:00:00+00:00,35.150001525878906
2025-12-29 00:00:00+00:00,34.970001220703125
2025-12-30 00:00:00+00:00,35.34000015258789
2025-12-31 00:00:00+00:00,35.400001525878906
2026-01-02 00:00:00+00:00,35.75
2026-01-05 00:00:00+00:00,35.619998931884766
2026-01-06 00:00:00+00:00,35.84000015258789
2026-01-07 00:00:00+00:00,35.880001068115234
2026-01-08 00:00:00+00:00,35.560001373291016
2026-01-09 00:00:00+00:00,35.54999923706055
2026-01-12 00:00:00+00:00,35.93000030517578
2026-01-13 00:00:00+00:00,35.81999969482422
2026-01-14 00:00:00+00:00,36.43000030517578
2026-01-15 00:00:00+00:00,36.189998626708984
2026-01-16 00:00:00+00:00,36.029998779296875
2026-01-20 00:00:00+00:00,34.029998779296875
2026-01-21 00:00:00+00:00,34.65999984741211
2026-01-22 00:00:00+00:00,34.970001220703125
2026-01-23 00:00:00+00:00,35.0
2026-01-26 00:00:00+00:00,34.900001525878906
2026-01-27 00:00:00+00:00,35.279998779296875
2026-01-28 00:00:00+00:00,34.58000183105469
2026-01-29 00:00:00+00:00,33.779998779296875
2026-01-30 00:00:00+00:00,32.81999969482422
2026-02-02 00:00:00+00:00,33.40999984741211
2026-02-03 00:00:00+00:00,32.88999938964844
2026-02-04 00:00:00+00:00,33.15999984741211
2026-02-05 00:00:00+00:00,31.979999542236328
2026-02-06 00:00:00+00:00,32.060001373291016
2026-02-09 00:00:00+00:00,32.83000183105469
2026-02-10 00:00:00+00:00,32.09000015258789
2026-02-11 00:00:00+00:00,31.899999618530273
2026-02-12 00:00:00+00:00,30.329999923706055
2026-02-13 00:00:00+00:00,29.739999771118164
2026-02-17 00:00:00+00:00,29.579999923706055
2026-02-18 00:00:00+00:00,30.100000381469727
2026-02-19 00:00:00+00:00,29.850000381469727
2026-02-20 00:00:00+00:00,30.350000381469727
2026-02-23 00:00:00+00:00,30.350000381469727
2026-02-24 00:00:00+00:00,29.739999771118164
2026-02-25 00:00:00+00:00,30.100000381469727
2026-02-26 00:00:00+00:00,29.68000030517578
2026-02-27 00:00:00+00:00,29.31999969482422
2026-03-02 00:00:00+00:00,29.3700008392334
2026-03-03 00:00:00+00:00,29.979999542236328
2026-03-04 00:00:00+00:00,29.209999084472656
2026-03-05 00:00:00+00:00,29.190000534057617
2026-03-06 00:00:00+00:00,29.049999237060547
2026-03-09 00:00:00+00:00,29.280000686645508
2026-03-10 00:00:00+00:00,29.6200008392334
2026-03-11 00:00:00+00:00,29.3700008392334
2026-03-12 00:00:00+00:00,28.059999465942383
2026-03-13 00:00:00+00:00,28.34000015258789
2026-03-16 00:00:00+00:00,28.34000015258789
2026-03-17 00:00:00+00:00,27.969999313354492
2026-03-18 00:00:00+00:00,27.639999389648438
2026-03-19 00:00:00+00:00,27.329999923706055
2026-03-20 00:00:00+00:00,27.959999084472656
2026-03-23 00:00:00+00:00,28.68000030517578
2026-03-24 00:00:00+00:00,29.3799991607666
2026-03-25 00:00:00+00:00,29.224000930786133
2026-03-26 00:00:00+00:00,29.270000457763672
2026-03-27 00:00:00+00:00,29.219999313354492
2026-03-30 00:00:00+00:00,29.299999237060547
2026-03-31 00:00:00+00:00,29.690000534057617
2026-04-01 00:00:00+00:00,30.170000076293945
2026-04-02 00:00:00+00:00,29.420000076293945
2026-04-06 00:00:00+00:00,29.3700008392334
2026-04-07 00:00:00+00:00,29.5
2026-04-08 00:00:00+00:00,29.700000762939453
2026-04-09 00:00:00+00:00,30.309999465942383
2026-04-10 00:00:00+00:00,30.059999465942383
2026-04-13 00:00:00+00:00,30.190000534057617
2026-04-14 00:00:00+00:00,30.8439998626709
2026-04-15 00:00:00+00:00,30.83099937438965
2026-04-16 00:00:00+00:00,30.996000289916992
2026-04-17 00:00:00+00:00,31.440000534057617
2026-04-20 00:00:00+00:00,31.31999969482422
2026-04-21 00:00:00+00:00,31.040000915527344
2026-04-22 00:00:00+00:00,30.75
2026-04-23 00:00:00+00:00,30.860000610351562
2026-04-24 00:00:00+00:00,31.200000762939453
2026-04-27 00:00:00+00:00,31.530000686645508
2026-04-28 00:00:00+00:00,31.459999084472656
2026-04-29 00:00:00+00:00,30.809999465942383
2026-04-30 00:00:00+00:00,31.520000457763672
