date,coal_api2
2018-01-02 00:00:00+00:00,96.9000015258789
2018-01-03 00:00:00+00:00,96.5999984741211
2018-01-04 00:00:00+00:00,96.0999984741211
2018-01-05 00:00:00+00:00,96.4000015258789
2018-01-08 00:00:00+00:00,96.4000015258789
2018-01-09 00:00:00+00:00,96.0999984741211
2018-01-10 00:00:00+00:00,95.6500015258789
2018-01-11 00:00:00+00:00,95.4000015258789
2018-01-12 00:00:00+00:00,95.6500015258789
2018-01-16 00:00:00+00:00,95.3499984741211
2018-01-17 00:00:00+00:00,95.1500015258789
2018-01-18 00:00:00+00:00,95.0
2018-01-19 00:00:00+00:00,95.25
2018-01-22 00:00:00+00:00,95.3499984741211
2018-01-23 00:00:00+00:00,95.25
2018-01-24 00:00:00+00:00,95.19999694824219
2018-01-25 00:00:00+00:00,95.25
2018-01-26 00:00:00+00:00,95.25
2018-01-29 00:00:00+00:00,91.25
2018-01-30 00:00:00+00:00,90.9000015258789
2018-01-31 00:00:00+00:00,89.5999984741211
2018-02-01 00:00:00+00:00,87.8499984741211
2018-02-02 00:00:00+00:00,88.44999694824219
2018-02-05 00:00:00+00:00,87.0999984741211
2018-02-06 00:00:00+00:00,85.6500015258789
2018-02-07 00:00:00+00:00,85.8499984741211
2018-02-08 00:00:00+00:00,83.8499984741211
2018-02-09 00:00:00+00:00,82.4000015258789
2018-02-12 00:00:00+00:00,82.5999984741211
2018-02-13 00:00:00+00:00,84.5
2018-02-14 00:00:00+00:00,85.0
2018-02-15 00:00:00+00:00,84.80000305175781
2018-02-16 00:00:00+00:00,84.69999694824219
2018-02-20 00:00:00+00:00,85.5999984741211
2018-02-21 00:00:00+00:00,85.6500015258789
2018-02-22 00:00:00+00:00,86.05000305175781
2018-02-23 00:00:00+00:00,85.75
2018-02-26 00:00:00+00:00,83.5
2018-02-27 00:00:00+00:00,82.0
2018-02-28 00:00:00+00:00,81.55000305175781
2018-03-01 00:00:00+00:00,79.3499984741211
2018-03-02 00:00:00+00:00,78.94999694824219
2018-03-05 00:00:00+00:00,80.0
2018-03-06 00:00:00+00:00,81.0999984741211
2018-03-07 00:00:00+00:00,81.30000305175781
2018-03-08 00:00:00+00:00,81.0999984741211
2018-03-09 00:00:00+00:00,81.30000305175781
2018-03-12 00:00:00+00:00,80.8499984741211
2018-03-13 00:00:00+00:00,81.25
2018-03-14 00:00:00+00:00,81.0
2018-03-15 00:00:00+00:00,80.94999694824219
2018-03-16 00:00:00+00:00,79.9000015258789
2018-03-19 00:00:00+00:00,79.5
2018-03-20 00:00:00+00:00,80.4000015258789
2018-03-21 00:00:00+00:00,80.05000305175781
2018-03-22 00:00:00+00:00,79.94999694824219
2018-03-23 00:00:00+00:00,79.8499984741211
2018-03-26 00:00:00+00:00,79.6500015258789
2018-03-27 00:00:00+00:00,79.69999694824219
2018-03-28 00:00:00+00:00,79.55000305175781
2018-03-29 00:00:00+00:00,79.44999694824219
2018-04-02 00:00:00+00:00,79.19999694824219
2018-04-03 00:00:00+00:00,80.0999984741211
2018-04-04 00:00:00+00:00,79.9000015258789
2018-04-05 00:00:00+00:00,80.6500015258789
2018-04-06 00:00:00+00:00,81.0999984741211
2018-04-09 00:00:00+00:00,82.0999984741211
2018-04-10 00:00:00+00:00,82.0
2018-04-11 00:00:00+00:00,82.0999984741211
2018-04-12 00:00:00+00:00,81.9000015258789
2018-04-13 00:00:00+00:00,81.9000015258789
2018-04-16 00:00:00+00:00,81.9000015258789
2018-04-17 00:00:00+00:00,81.25
2018-04-18 00:00:00+00:00,81.1500015258789
2018-04-19 00:00:00+00:00,81.80000305175781
2018-04-20 00:00:00+00:00,81.80000305175781
2018-04-23 00:00:00+00:00,81.75
2018-04-24 00:00:00+00:00,81.5999984741211
2018-04-25 00:00:00+00:00,81.6500015258789
2018-04-26 00:00:00+00:00,81.69999694824219
2018-04-27 00:00:00+00:00,81.80000305175781
2018-04-30 00:00:00+00:00,85.25
2018-05-01 00:00:00+00:00,85.55000305175781
2018-05-02 00:00:00+00:00,84.9000015258789
2018-05-03 00:00:00+00:00,85.0999984741211
2018-05-04 00:00:00+00:00,85.25
2018-05-07 00:00:00+00:00,85.25
2018-05-08 00:00:00+00:00,86.0999984741211
2018-05-09 00:00:00+00:00,87.0999984741211
2018-05-10 00:00:00+00:00,87.75
2018-05-11 00:00:00+00:00,88.4000015258789
2018-05-14 00:00:00+00:00,89.55000305175781
2018-05-15 00:00:00+00:00,89.44999694824219
2018-05-16 00:00:00+00:00,89.5999984741211
2018-05-17 00:00:00+00:00,89.94999694824219
2018-05-18 00:00:00+00:00,89.5999984741211
2018-05-21 00:00:00+00:00,89.5999984741211
2018-05-22 00:00:00+00:00,89.5999984741211
2018-05-23 00:00:00+00:00,89.55000305175781
2018-05-24 00:00:00+00:00,89.5999984741211
2018-05-25 00:00:00+00:00,89.44999694824219
2018-05-29 00:00:00+00:00,94.0999984741211
2018-05-30 00:00:00+00:00,95.69999694824219
2018-05-31 00:00:00+00:00,95.0
2018-06-01 00:00:00+00:00,95.3499984741211
2018-06-04 00:00:00+00:00,95.80000305175781
2018-06-05 00:00:00+00:00,94.9000015258789
2018-06-06 00:00:00+00:00,94.80000305175781
2018-06-07 00:00:00+00:00,95.4000015258789
2018-06-08 00:00:00+00:00,95.5
2018-06-11 00:00:00+00:00,96.1500015258789
2018-06-12 00:00:00+00:00,96.80000305175781
2018-06-13 00:00:00+00:00,96.75
2018-06-14 00:00:00+00:00,96.75
2018-06-15 00:00:00+00:00,96.6500015258789
2018-06-18 00:00:00+00:00,96.80000305175781
2018-06-19 00:00:00+00:00,97.0
2018-06-20 00:00:00+00:00,96.44999694824219
2018-06-21 00:00:00+00:00,96.0
2018-06-22 00:00:00+00:00,96.0
2018-06-25 00:00:00+00:00,96.0
2018-06-26 00:00:00+00:00,96.0
2018-06-27 00:00:00+00:00,96.0
2018-06-28 00:00:00+00:00,96.05000305175781
2018-06-29 00:00:00+00:00,96.44999694824219
2018-07-02 00:00:00+00:00,98.8499984741211
2018-07-03 00:00:00+00:00,99.44999694824219
2018-07-05 00:00:00+00:00,100.4000015258789
2018-07-06 00:00:00+00:00,100.0999984741211
2018-07-09 00:00:00+00:00,101.94999694824219
2018-07-10 00:00:00+00:00,102.25
2018-07-11 00:00:00+00:00,102.4000015258789
2018-07-12 00:00:00+00:00,101.5999984741211
2018-07-13 00:00:00+00:00,101.19999694824219
2018-07-16 00:00:00+00:00,100.69999694824219
2018-07-17 00:00:00+00:00,101.05000305175781
2018-07-18 00:00:00+00:00,101.6500015258789
2018-07-19 00:00:00+00:00,101.0
2018-07-20 00:00:00+00:00,100.44999694824219
2018-07-23 00:00:00+00:00,101.25
2018-07-24 00:00:00+00:00,101.19999694824219
2018-07-25 00:00:00+00:00,100.9000015258789
2018-07-26 00:00:00+00:00,101.0
2018-07-27 00:00:00+00:00,100.80000305175781
2018-07-30 00:00:00+00:00,94.8499984741211
2018-07-31 00:00:00+00:00,95.0999984741211
2018-08-01 00:00:00+00:00,95.0999984741211
2018-08-02 00:00:00+00:00,94.69999694824219
2018-08-03 00:00:00+00:00,94.44999694824219
2018-08-06 00:00:00+00:00,96.1500015258789
2018-08-07 00:00:00+00:00,96.75
2018-08-08 00:00:00+00:00,96.44999694824219
2018-08-09 00:00:00+00:00,96.3499984741211
2018-08-10 00:00:00+00:00,97.0
2018-08-13 00:00:00+00:00,97.69999694824219
2018-08-14 00:00:00+00:00,98.1500015258789
2018-08-15 00:00:00+00:00,97.5999984741211
2018-08-16 00:00:00+00:00,97.80000305175781
2018-08-17 00:00:00+00:00,98.19999694824219
2018-08-20 00:00:00+00:00,98.30000305175781
2018-08-21 00:00:00+00:00,97.6500015258789
2018-08-22 00:00:00+00:00,96.8499984741211
2018-08-23 00:00:00+00:00,96.94999694824219
2018-08-24 00:00:00+00:00,97.0
2018-08-27 00:00:00+00:00,97.0
2018-08-28 00:00:00+00:00,97.6500015258789
2018-08-29 00:00:00+00:00,97.69999694824219
2018-08-30 00:00:00+00:00,97.69999694824219
2018-08-31 00:00:00+00:00,97.6500015258789
2018-09-04 00:00:00+00:00,100.8499984741211
2018-09-05 00:00:00+00:00,101.55000305175781
2018-09-06 00:00:00+00:00,101.0
2018-09-07 00:00:00+00:00,99.80000305175781
2018-09-10 00:00:00+00:00,100.19999694824219
2018-09-11 00:00:00+00:00,100.94999694824219
2018-09-12 00:00:00+00:00,100.5
2018-09-13 00:00:00+00:00,100.4000015258789
2018-09-14 00:00:00+00:00,99.55000305175781
2018-09-17 00:00:00+00:00,99.3499984741211
2018-09-18 00:00:00+00:00,98.6500015258789
2018-09-19 00:00:00+00:00,100.30000305175781
2018-09-20 00:00:00+00:00,99.5999984741211
2018-09-21 00:00:00+00:00,100.19999694824219
2018-09-24 00:00:00+00:00,100.3499984741211
2018-09-25 00:00:00+00:00,100.3499984741211
2018-09-26 00:00:00+00:00,100.3499984741211
2018-09-27 00:00:00+00:00,100.19999694824219
2018-09-28 00:00:00+00:00,100.44999694824219
2018-10-01 00:00:00+00:00,101.9000015258789
2018-10-02 00:00:00+00:00,101.19999694824219
2018-10-03 00:00:00+00:00,100.0999984741211
2018-10-04 00:00:00+00:00,100.80000305175781
2018-10-05 00:00:00+00:00,101.25
2018-10-08 00:00:00+00:00,101.19999694824219
2018-10-09 00:00:00+00:00,100.80000305175781
2018-10-10 00:00:00+00:00,99.9000015258789
2018-10-11 00:00:00+00:00,99.19999694824219
2018-10-12 00:00:00+00:00,99.1500015258789
2018-10-15 00:00:00+00:00,99.0
2018-10-16 00:00:00+00:00,99.05000305175781
2018-10-17 00:00:00+00:00,99.30000305175781
2018-10-18 00:00:00+00:00,99.80000305175781
2018-10-19 00:00:00+00:00,100.4000015258789
2018-10-22 00:00:00+00:00,100.4000015258789
2018-10-23 00:00:00+00:00,100.44999694824219
2018-10-24 00:00:00+00:00,100.4000015258789
2018-10-25 00:00:00+00:00,100.4000015258789
2018-10-26 00:00:00+00:00,100.30000305175781
2018-10-29 00:00:00+00:00,99.1500015258789
2018-10-30 00:00:00+00:00,98.69999694824219
2018-10-31 00:00:00+00:00,97.44999694824219
2018-11-01 00:00:00+00:00,95.3499984741211
2018-11-02 00:00:00+00:00,96.0999984741211
2018-11-05 00:00:00+00:00,94.9000015258789
2018-11-06 00:00:00+00:00,93.25
2018-11-07 00:00:00+00:00,94.0
2018-11-08 00:00:00+00:00,92.30000305175781
2018-11-09 00:00:00+00:00,91.75
2018-11-12 00:00:00+00:00,92.80000305175781
2018-11-13 00:00:00+00:00,91.44999694824219
2018-11-14 00:00:00+00:00,90.30000305175781
2018-11-15 00:00:00+00:00,90.0999984741211
2018-11-16 00:00:00+00:00,89.5999984741211
2018-11-19 00:00:00+00:00,88.80000305175781
2018-11-20 00:00:00+00:00,88.1500015258789
2018-11-21 00:00:00+00:00,88.05000305175781
2018-11-23 00:00:00+00:00,88.25
2018-11-26 00:00:00+00:00,88.3499984741211
2018-11-27 00:00:00+00:00,88.4000015258789
2018-11-28 00:00:00+00:00,88.4000015258789
2018-11-29 00:00:00+00:00,88.44999694824219
2018-11-30 00:00:00+00:00,88.5
2018-12-03 00:00:00+00:00,85.6500015258789
2018-12-04 00:00:00+00:00,85.8499984741211
2018-12-06 00:00:00+00:00,86.5
2018-12-07 00:00:00+00:00,86.55000305175781
2018-12-10 00:00:00+00:00,86.55000305175781
2018-12-11 00:00:00+00:00,86.94999694824219
2018-12-12 00:00:00+00:00,87.69999694824219
2018-12-13 00:00:00+00:00,87.9000015258789
2018-12-14 00:00:00+00:00,88.5
2018-12-17 00:00:00+00:00,88.8499984741211
2018-12-18 00:00:00+00:00,88.44999694824219
2018-12-19 00:00:00+00:00,88.4000015258789
2018-12-20 00:00:00+00:00,88.25
2018-12-21 00:00:00+00:00,88.05000305175781
2018-12-24 00:00:00+00:00,88.05000305175781
2018-12-26 00:00:00+00:00,88.05000305175781
2018-12-27 00:00:00+00:00,87.6500015258789
2018-12-28 00:00:00+00:00,87.44999694824219
2018-12-31 00:00:00+00:00,86.6500015258789
2019-01-02 00:00:00+00:00,85.44999694824219
2019-01-03 00:00:00+00:00,83.69999694824219
2019-01-04 00:00:00+00:00,83.3499984741211
2019-01-07 00:00:00+00:00,81.5999984741211
2019-01-08 00:00:00+00:00,82.1500015258789
2019-01-09 00:00:00+00:00,82.1500015258789
2019-01-10 00:00:00+00:00,82.30000305175781
2019-01-11 00:00:00+00:00,82.55000305175781
2019-01-14 00:00:00+00:00,82.0
2019-01-15 00:00:00+00:00,82.5
2019-01-16 00:00:00+00:00,83.0
2019-01-17 00:00:00+00:00,83.4000015258789
2019-01-18 00:00:00+00:00,83.19999694824219
2019-01-22 00:00:00+00:00,82.0
2019-01-23 00:00:00+00:00,82.0
2019-01-24 00:00:00+00:00,81.8499984741211
2019-01-25 00:00:00+00:00,81.80000305175781
2019-01-28 00:00:00+00:00,79.0
2019-01-29 00:00:00+00:00,79.75
2019-01-30 00:00:00+00:00,79.94999694824219
2019-01-31 00:00:00+00:00,79.1500015258789
2019-02-01 00:00:00+00:00,77.5
2019-02-04 00:00:00+00:00,76.5999984741211
2019-02-05 00:00:00+00:00,75.6500015258789
2019-02-06 00:00:00+00:00,76.0999984741211
2019-02-07 00:00:00+00:00,75.19999694824219
2019-02-08 00:00:00+00:00,74.1500015258789
2019-02-11 00:00:00+00:00,73.5999984741211
2019-02-12 00:00:00+00:00,73.30000305175781
2019-02-13 00:00:00+00:00,74.0
2019-02-14 00:00:00+00:00,73.8499984741211
2019-02-15 00:00:00+00:00,74.1500015258789
2019-02-19 00:00:00+00:00,74.1500015258789
2019-02-20 00:00:00+00:00,74.3499984741211
2019-02-21 00:00:00+00:00,74.25
2019-02-22 00:00:00+00:00,74.44999694824219
2019-02-25 00:00:00+00:00,73.4000015258789
2019-02-26 00:00:00+00:00,74.05000305175781
2019-02-27 00:00:00+00:00,75.25
2019-02-28 00:00:00+00:00,75.0
2019-03-01 00:00:00+00:00,74.69999694824219
2019-03-04 00:00:00+00:00,75.25
2019-03-05 00:00:00+00:00,74.5
2019-03-06 00:00:00+00:00,73.5999984741211
2019-03-07 00:00:00+00:00,73.25
2019-03-08 00:00:00+00:00,72.3499984741211
2019-03-11 00:00:00+00:00,72.4000015258789
2019-03-12 00:00:00+00:00,72.6500015258789
2019-03-13 00:00:00+00:00,71.80000305175781
2019-03-14 00:00:00+00:00,72.0
2019-03-15 00:00:00+00:00,71.44999694824219
2019-03-18 00:00:00+00:00,71.44999694824219
2019-03-19 00:00:00+00:00,71.25
2019-03-20 00:00:00+00:00,71.19999694824219
2019-03-21 00:00:00+00:00,70.9000015258789
2019-03-22 00:00:00+00:00,70.75
2019-03-25 00:00:00+00:00,70.69999694824219
2019-03-26 00:00:00+00:00,70.4000015258789
2019-03-27 00:00:00+00:00,70.1500015258789
2019-03-28 00:00:00+00:00,70.25
2019-03-29 00:00:00+00:00,69.55000305175781
2019-04-01 00:00:00+00:00,58.75
2019-04-02 00:00:00+00:00,56.349998474121094
2019-04-03 00:00:00+00:00,54.70000076293945
2019-04-04 00:00:00+00:00,56.150001525878906
2019-04-05 00:00:00+00:00,57.0
2019-04-08 00:00:00+00:00,58.70000076293945
2019-04-09 00:00:00+00:00,59.04999923706055
2019-04-10 00:00:00+00:00,59.650001525878906
2019-04-11 00:00:00+00:00,59.75
2019-04-12 00:00:00+00:00,59.75
2019-04-15 00:00:00+00:00,59.400001525878906
2019-04-16 00:00:00+00:00,59.400001525878906
2019-04-17 00:00:00+00:00,59.70000076293945
2019-04-18 00:00:00+00:00,59.5
2019-04-22 00:00:00+00:00,59.5
2019-04-23 00:00:00+00:00,59.599998474121094
2019-04-24 00:00:00+00:00,59.349998474121094
2019-04-25 00:00:00+00:00,59.400001525878906
2019-04-26 00:00:00+00:00,58.29999923706055
2019-04-29 00:00:00+00:00,59.0
2019-04-30 00:00:00+00:00,59.0
2019-05-01 00:00:00+00:00,58.5
2019-05-02 00:00:00+00:00,59.349998474121094
2019-05-03 00:00:00+00:00,60.849998474121094
2019-05-06 00:00:00+00:00,60.849998474121094
2019-05-07 00:00:00+00:00,59.95000076293945
2019-05-08 00:00:00+00:00,60.400001525878906
2019-05-09 00:00:00+00:00,59.20000076293945
2019-05-10 00:00:00+00:00,59.25
2019-05-13 00:00:00+00:00,58.45000076293945
2019-05-14 00:00:00+00:00,59.25
2019-05-15 00:00:00+00:00,58.900001525878906
2019-05-16 00:00:00+00:00,58.45000076293945
2019-05-17 00:00:00+00:00,58.400001525878906
2019-05-20 00:00:00+00:00,58.20000076293945
2019-05-21 00:00:00+00:00,58.20000076293945
2019-05-22 00:00:00+00:00,58.0
2019-05-23 00:00:00+00:00,57.75
2019-05-24 00:00:00+00:00,57.599998474121094
2019-05-28 00:00:00+00:00,57.099998474121094
2019-05-29 00:00:00+00:00,56.900001525878906
2019-05-30 00:00:00+00:00,56.79999923706055
2019-05-31 00:00:00+00:00,56.45000076293945
2019-06-03 00:00:00+00:00,51.70000076293945
2019-06-04 00:00:00+00:00,52.349998474121094
2019-06-05 00:00:00+00:00,51.599998474121094
2019-06-06 00:00:00+00:00,51.900001525878906
2019-06-07 00:00:00+00:00,52.45000076293945
2019-06-10 00:00:00+00:00,53.0
2019-06-11 00:00:00+00:00,51.29999923706055
2019-06-12 00:00:00+00:00,50.5
2019-06-13 00:00:00+00:00,50.29999923706055
2019-06-14 00:00:00+00:00,49.849998474121094
2019-06-17 00:00:00+00:00,49.349998474121094
2019-06-18 00:00:00+00:00,48.75
2019-06-19 00:00:00+00:00,48.70000076293945
2019-06-20 00:00:00+00:00,48.79999923706055
2019-06-21 00:00:00+00:00,48.900001525878906
2019-06-24 00:00:00+00:00,49.04999923706055
2019-06-25 00:00:00+00:00,48.95000076293945
2019-06-26 00:00:00+00:00,48.95000076293945
2019-06-27 00:00:00+00:00,49.099998474121094
2019-06-28 00:00:00+00:00,48.900001525878906
2019-07-01 00:00:00+00:00,50.599998474121094
2019-07-02 00:00:00+00:00,51.400001525878906
2019-07-03 00:00:00+00:00,52.79999923706055
2019-07-05 00:00:00+00:00,56.29999923706055
2019-07-08 00:00:00+00:00,57.04999923706055
2019-07-09 00:00:00+00:00,56.45000076293945
2019-07-10 00:00:00+00:00,57.900001525878906
2019-07-11 00:00:00+00:00,58.099998474121094
2019-07-12 00:00:00+00:00,57.849998474121094
2019-07-15 00:00:00+00:00,57.75
2019-07-16 00:00:00+00:00,57.29999923706055
2019-07-17 00:00:00+00:00,57.900001525878906
2019-07-18 00:00:00+00:00,57.70000076293945
2019-07-19 00:00:00+00:00,58.349998474121094
2019-07-22 00:00:00+00:00,58.20000076293945
2019-07-23 00:00:00+00:00,58.20000076293945
2019-07-24 00:00:00+00:00,58.20000076293945
2019-07-25 00:00:00+00:00,58.20000076293945
2019-07-26 00:00:00+00:00,58.349998474121094
2019-07-29 00:00:00+00:00,58.0
2019-07-30 00:00:00+00:00,57.900001525878906
2019-07-31 00:00:00+00:00,57.900001525878906
2019-08-01 00:00:00+00:00,58.849998474121094
2019-08-02 00:00:00+00:00,58.0
2019-08-05 00:00:00+00:00,57.0
2019-08-06 00:00:00+00:00,56.04999923706055
2019-08-07 00:00:00+00:00,56.099998474121094
2019-08-08 00:00:00+00:00,56.400001525878906
2019-08-09 00:00:00+00:00,56.25
2019-08-12 00:00:00+00:00,56.29999923706055
2019-08-13 00:00:00+00:00,56.45000076293945
2019-08-14 00:00:00+00:00,56.25
2019-08-15 00:00:00+00:00,56.0
2019-08-16 00:00:00+00:00,55.900001525878906
2019-08-19 00:00:00+00:00,55.79999923706055
2019-08-20 00:00:00+00:00,55.650001525878906
2019-08-21 00:00:00+00:00,55.29999923706055
2019-08-22 00:00:00+00:00,55.20000076293945
2019-08-23 00:00:00+00:00,55.29999923706055
2019-08-26 00:00:00+00:00,55.29999923706055
2019-08-27 00:00:00+00:00,55.04999923706055
2019-08-28 00:00:00+00:00,54.650001525878906
2019-08-29 00:00:00+00:00,54.70000076293945
2019-08-30 00:00:00+00:00,54.25
2019-09-03 00:00:00+00:00,56.95000076293945
2019-09-04 00:00:00+00:00,56.900001525878906
2019-09-05 00:00:00+00:00,57.400001525878906
2019-09-06 00:00:00+00:00,57.650001525878906
2019-09-09 00:00:00+00:00,58.400001525878906
2019-09-10 00:00:00+00:00,60.650001525878906
2019-09-11 00:00:00+00:00,60.5
2019-09-12 00:00:00+00:00,60.849998474121094
2019-09-13 00:00:00+00:00,60.95000076293945
2019-09-16 00:00:00+00:00,61.75
2019-09-17 00:00:00+00:00,61.54999923706055
2019-09-18 00:00:00+00:00,60.95000076293945
2019-09-19 00:00:00+00:00,60.95000076293945
2019-09-20 00:00:00+00:00,61.25
2019-09-23 00:00:00+00:00,60.79999923706055
2019-09-24 00:00:00+00:00,60.599998474121094
2019-09-25 00:00:00+00:00,60.25
2019-09-26 00:00:00+00:00,60.54999923706055
2019-09-27 00:00:00+00:00,60.349998474121094
2019-09-30 00:00:00+00:00,59.54999923706055
2019-10-01 00:00:00+00:00,60.0
2019-10-02 00:00:00+00:00,59.45000076293945
2019-10-03 00:00:00+00:00,59.25
2019-10-04 00:00:00+00:00,59.70000076293945
2019-10-07 00:00:00+00:00,60.29999923706055
2019-10-08 00:00:00+00:00,61.400001525878906
2019-10-09 00:00:00+00:00,60.849998474121094
2019-10-10 00:00:00+00:00,60.75
2019-10-11 00:00:00+00:00,60.70000076293945
2019-10-14 00:00:00+00:00,60.79999923706055
2019-10-15 00:00:00+00:00,60.5
2019-10-16 00:00:00+00:00,60.29999923706055
2019-10-17 00:00:00+00:00,60.25
2019-10-18 00:00:00+00:00,60.150001525878906
2019-10-21 00:00:00+00:00,60.20000076293945
2019-10-22 00:00:00+00:00,60.04999923706055
2019-10-23 00:00:00+00:00,59.95000076293945
2019-10-24 00:00:00+00:00,59.95000076293945
2019-10-25 00:00:00+00:00,59.79999923706055
2019-10-28 00:00:00+00:00,56.349998474121094
2019-10-29 00:00:00+00:00,56.400001525878906
2019-10-30 00:00:00+00:00,56.29999923706055
2019-10-31 00:00:00+00:00,56.5
2019-11-01 00:00:00+00:00,57.04999923706055
2019-11-04 00:00:00+00:00,56.79999923706055
2019-11-05 00:00:00+00:00,56.849998474121094
2019-11-06 00:00:00+00:00,55.79999923706055
2019-11-07 00:00:00+00:00,56.150001525878906
2019-11-08 00:00:00+00:00,55.75
2019-11-11 00:00:00+00:00,55.20000076293945
2019-11-12 00:00:00+00:00,55.400001525878906
2019-11-13 00:00:00+00:00,55.650001525878906
2019-11-14 00:00:00+00:00,56.04999923706055
2019-11-15 00:00:00+00:00,55.900001525878906
2019-11-18 00:00:00+00:00,55.04999923706055
2019-11-19 00:00:00+00:00,55.25
2019-11-20 00:00:00+00:00,55.75
2019-11-21 00:00:00+00:00,55.900001525878906
2019-11-22 00:00:00+00:00,56.0
2019-11-25 00:00:00+00:00,55.95000076293945
2019-11-26 00:00:00+00:00,56.0
2019-11-27 00:00:00+00:00,55.95000076293945
2019-11-29 00:00:00+00:00,56.04999923706055
2019-12-02 00:00:00+00:00,57.349998474121094
2019-12-03 00:00:00+00:00,56.400001525878906
2019-12-04 00:00:00+00:00,56.150001525878906
2019-12-05 00:00:00+00:00,54.900001525878906
2019-12-06 00:00:00+00:00,54.20000076293945
2019-12-09 00:00:00+00:00,53.849998474121094
2019-12-10 00:00:00+00:00,53.79999923706055
2019-12-11 00:00:00+00:00,53.5
2019-12-12 00:00:00+00:00,54.0
2019-12-13 00:00:00+00:00,53.650001525878906
2019-12-16 00:00:00+00:00,53.45000076293945
2019-12-17 00:00:00+00:00,53.650001525878906
2019-12-18 00:00:00+00:00,53.54999923706055
2019-12-19 00:00:00+00:00,53.54999923706055
2019-12-20 00:00:00+00:00,53.349998474121094
2019-12-23 00:00:00+00:00,53.400001525878906
2019-12-24 00:00:00+00:00,53.400001525878906
2019-12-26 00:00:00+00:00,53.400001525878906
2019-12-27 00:00:00+00:00,53.650001525878906
2019-12-30 00:00:00+00:00,52.79999923706055
2019-12-31 00:00:00+00:00,53.150001525878906
2020-01-02 00:00:00+00:00,52.54999923706055
2020-01-03 00:00:00+00:00,52.849998474121094
2020-01-06 00:00:00+00:00,52.5
2020-01-07 00:00:00+00:00,52.650001525878906
2020-01-08 00:00:00+00:00,52.5
2020-01-09 00:00:00+00:00,52.5
2020-01-10 00:00:00+00:00,53.0
2020-01-13 00:00:00+00:00,53.29999923706055
2020-01-14 00:00:00+00:00,52.20000076293945
2020-01-15 00:00:00+00:00,51.75
2020-01-16 00:00:00+00:00,50.849998474121094
2020-01-17 00:00:00+00:00,50.599998474121094
2020-01-21 00:00:00+00:00,50.25
2020-01-22 00:00:00+00:00,50.25
2020-01-23 00:00:00+00:00,50.29999923706055
2020-01-24 00:00:00+00:00,50.25
2020-01-27 00:00:00+00:00,50.349998474121094
2020-01-28 00:00:00+00:00,50.349998474121094
2020-01-29 00:00:00+00:00,50.400001525878906
2020-01-30 00:00:00+00:00,50.400001525878906
2020-01-31 00:00:00+00:00,50.400001525878906
2020-02-03 00:00:00+00:00,47.75
2020-02-04 00:00:00+00:00,48.79999923706055
2020-02-05 00:00:00+00:00,49.45000076293945
2020-02-06 00:00:00+00:00,49.0
2020-02-07 00:00:00+00:00,48.25
2020-02-10 00:00:00+00:00,47.54999923706055
2020-02-11 00:00:00+00:00,48.150001525878906
2020-02-12 00:00:00+00:00,48.75
2020-02-13 00:00:00+00:00,50.0
2020-02-14 00:00:00+00:00,50.5
2020-02-18 00:00:00+00:00,49.400001525878906
2020-02-19 00:00:00+00:00,49.20000076293945
2020-02-20 00:00:00+00:00,48.45000076293945
2020-02-21 00:00:00+00:00,48.349998474121094
2020-02-24 00:00:00+00:00,48.0
2020-02-25 00:00:00+00:00,48.04999923706055
2020-02-26 00:00:00+00:00,48.0
2020-02-27 00:00:00+00:00,48.150001525878906
2020-02-28 00:00:00+00:00,48.29999923706055
2020-03-02 00:00:00+00:00,46.849998474121094
2020-03-03 00:00:00+00:00,47.0
2020-03-04 00:00:00+00:00,47.099998474121094
2020-03-05 00:00:00+00:00,47.599998474121094
2020-03-06 00:00:00+00:00,47.099998474121094
2020-03-09 00:00:00+00:00,46.45000076293945
2020-03-10 00:00:00+00:00,46.400001525878906
2020-03-11 00:00:00+00:00,46.45000076293945
2020-03-12 00:00:00+00:00,46.20000076293945
2020-03-13 00:00:00+00:00,46.599998474121094
2020-03-16 00:00:00+00:00,46.54999923706055
2020-03-17 00:00:00+00:00,47.04999923706055
2020-03-18 00:00:00+00:00,47.29999923706055
2020-03-19 00:00:00+00:00,47.0
2020-03-20 00:00:00+00:00,47.45000076293945
2020-03-23 00:00:00+00:00,47.5
2020-03-24 00:00:00+00:00,47.849998474121094
2020-03-25 00:00:00+00:00,48.04999923706055
2020-03-26 00:00:00+00:00,47.95000076293945
2020-03-27 00:00:00+00:00,47.900001525878906
2020-03-30 00:00:00+00:00,50.95000076293945
2020-03-31 00:00:00+00:00,49.5
2020-04-01 00:00:00+00:00,48.0
2020-04-02 00:00:00+00:00,47.54999923706055
2020-04-03 00:00:00+00:00,46.45000076293945
2020-04-06 00:00:00+00:00,46.20000076293945
2020-04-07 00:00:00+00:00,47.04999923706055
2020-04-08 00:00:00+00:00,46.5
2020-04-09 00:00:00+00:00,46.75
2020-04-13 00:00:00+00:00,46.75
2020-04-14 00:00:00+00:00,45.70000076293945
2020-04-15 00:00:00+00:00,45.400001525878906
2020-04-16 00:00:00+00:00,45.5
2020-04-17 00:00:00+00:00,45.599998474121094
2020-04-20 00:00:00+00:00,45.599998474121094
2020-04-21 00:00:00+00:00,45.099998474121094
2020-04-22 00:00:00+00:00,45.20000076293945
2020-04-23 00:00:00+00:00,44.95000076293945
2020-04-24 00:00:00+00:00,44.95000076293945
2020-04-27 00:00:00+00:00,39.099998474121094
2020-04-28 00:00:00+00:00,38.70000076293945
2020-04-29 00:00:00+00:00,38.95000076293945
2020-04-30 00:00:00+00:00,39.95000076293945
2020-05-01 00:00:00+00:00,39.75
2020-05-04 00:00:00+00:00,39.0
2020-05-05 00:00:00+00:00,39.70000076293945
2020-05-06 00:00:00+00:00,40.0
2020-05-07 00:00:00+00:00,40.04999923706055
2020-05-08 00:00:00+00:00,40.04999923706055
2020-05-11 00:00:00+00:00,39.849998474121094
2020-05-12 00:00:00+00:00,39.349998474121094
2020-05-13 00:00:00+00:00,39.29999923706055
2020-05-14 00:00:00+00:00,39.150001525878906
2020-05-15 00:00:00+00:00,39.0
2020-05-18 00:00:00+00:00,39.20000076293945
2020-05-19 00:00:00+00:00,38.900001525878906
2020-05-20 00:00:00+00:00,38.75
2020-05-21 00:00:00+00:00,38.75
2020-05-22 00:00:00+00:00,38.650001525878906
2020-05-26 00:00:00+00:00,38.70000076293945
2020-05-27 00:00:00+00:00,38.70000076293945
2020-05-28 00:00:00+00:00,38.70000076293945
2020-05-29 00:00:00+00:00,38.599998474121094
2020-06-01 00:00:00+00:00,44.70000076293945
2020-06-02 00:00:00+00:00,46.650001525878906
2020-06-03 00:00:00+00:00,46.400001525878906
2020-06-04 00:00:00+00:00,45.75
2020-06-05 00:00:00+00:00,46.150001525878906
2020-06-08 00:00:00+00:00,45.79999923706055
2020-06-09 00:00:00+00:00,45.29999923706055
2020-06-10 00:00:00+00:00,44.75
2020-06-11 00:00:00+00:00,44.349998474121094
2020-06-12 00:00:00+00:00,44.70000076293945
2020-06-15 00:00:00+00:00,45.04999923706055
2020-06-16 00:00:00+00:00,44.849998474121094
2020-06-17 00:00:00+00:00,44.70000076293945
2020-06-18 00:00:00+00:00,44.79999923706055
2020-06-19 00:00:00+00:00,45.0
2020-06-22 00:00:00+00:00,45.150001525878906
2020-06-23 00:00:00+00:00,45.400001525878906
2020-06-24 00:00:00+00:00,45.5
2020-06-25 00:00:00+00:00,45.5
2020-06-26 00:00:00+00:00,45.599998474121094
2020-06-29 00:00:00+00:00,49.900001525878906
2020-06-30 00:00:00+00:00,49.650001525878906
2020-07-01 00:00:00+00:00,50.25
2020-07-02 00:00:00+00:00,50.849998474121094
2020-07-06 00:00:00+00:00,51.20000076293945
2020-07-07 00:00:00+00:00,50.650001525878906
2020-07-08 00:00:00+00:00,49.54999923706055
2020-07-09 00:00:00+00:00,49.20000076293945
2020-07-10 00:00:00+00:00,48.849998474121094
2020-07-13 00:00:00+00:00,48.75
2020-07-14 00:00:00+00:00,48.54999923706055
2020-07-15 00:00:00+00:00,49.0
2020-07-16 00:00:00+00:00,49.0
2020-07-17 00:00:00+00:00,49.29999923706055
2020-07-20 00:00:00+00:00,49.04999923706055
2020-07-21 00:00:00+00:00,49.599998474121094
2020-07-22 00:00:00+00:00,49.79999923706055
2020-07-23 00:00:00+00:00,49.70000076293945
2020-07-24 00:00:00+00:00,49.54999923706055
2020-07-27 00:00:00+00:00,49.5
2020-07-28 00:00:00+00:00,49.599998474121094
2020-07-29 00:00:00+00:00,49.650001525878906
2020-07-30 00:00:00+00:00,49.75
2020-07-31 00:00:00+00:00,49.900001525878906
2020-08-03 00:00:00+00:00,51.70000076293945
2020-08-04 00:00:00+00:00,51.599998474121094
2020-08-05 00:00:00+00:00,51.0
2020-08-06 00:00:00+00:00,50.29999923706055
2020-08-07 00:00:00+00:00,50.849998474121094
2020-08-10 00:00:00+00:00,50.54999923706055
2020-08-11 00:00:00+00:00,50.29999923706055
2020-08-12 00:00:00+00:00,49.650001525878906
2020-08-13 00:00:00+00:00,49.54999923706055
2020-08-14 00:00:00+00:00,49.400001525878906
2020-08-17 00:00:00+00:00,49.54999923706055
2020-08-18 00:00:00+00:00,49.349998474121094
2020-08-19 00:00:00+00:00,49.20000076293945
2020-08-20 00:00:00+00:00,48.849998474121094
2020-08-21 00:00:00+00:00,48.75
2020-08-24 00:00:00+00:00,48.79999923706055
2020-08-25 00:00:00+00:00,48.95000076293945
2020-08-26 00:00:00+00:00,48.95000076293945
2020-08-27 00:00:00+00:00,49.0
2020-08-28 00:00:00+00:00,49.04999923706055
2020-08-31 00:00:00+00:00,52.150001525878906
2020-09-01 00:00:00+00:00,52.599998474121094
2020-09-02 00:00:00+00:00,51.54999923706055
2020-09-03 00:00:00+00:00,51.599998474121094
2020-09-04 00:00:00+00:00,51.5
2020-09-08 00:00:00+00:00,51.25
2020-09-09 00:00:00+00:00,51.400001525878906
2020-09-10 00:00:00+00:00,51.70000076293945
2020-09-11 00:00:00+00:00,51.75
2020-09-14 00:00:00+00:00,51.849998474121094
2020-09-15 00:00:00+00:00,51.900001525878906
2020-09-16 00:00:00+00:00,52.04999923706055
2020-09-17 00:00:00+00:00,51.95000076293945
2020-09-18 00:00:00+00:00,52.04999923706055
2020-09-21 00:00:00+00:00,52.04999923706055
2020-09-22 00:00:00+00:00,52.099998474121094
2020-09-23 00:00:00+00:00,52.20000076293945
2020-09-24 00:00:00+00:00,52.45000076293945
2020-09-25 00:00:00+00:00,52.29999923706055
2020-09-28 00:00:00+00:00,57.29999923706055
2020-09-29 00:00:00+00:00,56.75
2020-09-30 00:00:00+00:00,57.25
2020-10-01 00:00:00+00:00,57.25
2020-10-02 00:00:00+00:00,56.400001525878906
2020-10-05 00:00:00+00:00,57.599998474121094
2020-10-06 00:00:00+00:00,57.75
2020-10-07 00:00:00+00:00,57.650001525878906
2020-10-08 00:00:00+00:00,57.70000076293945
2020-10-09 00:00:00+00:00,57.599998474121094
2020-10-12 00:00:00+00:00,56.849998474121094
2020-10-13 00:00:00+00:00,56.5
2020-10-14 00:00:00+00:00,56.650001525878906
2020-10-15 00:00:00+00:00,56.54999923706055
2020-10-16 00:00:00+00:00,56.900001525878906
2020-10-19 00:00:00+00:00,57.099998474121094
2020-10-20 00:00:00+00:00,57.0
2020-10-21 00:00:00+00:00,56.5
2020-10-22 00:00:00+00:00,56.849998474121094
2020-10-23 00:00:00+00:00,56.79999923706055
2020-10-26 00:00:00+00:00,56.599998474121094
2020-10-27 00:00:00+00:00,56.5
2020-10-28 00:00:00+00:00,56.29999923706055
2020-10-29 00:00:00+00:00,56.150001525878906
2020-10-30 00:00:00+00:00,56.349998474121094
2020-11-02 00:00:00+00:00,50.70000076293945
2020-11-03 00:00:00+00:00,51.099998474121094
2020-11-04 00:00:00+00:00,50.849998474121094
2020-11-05 00:00:00+00:00,51.45000076293945
2020-11-06 00:00:00+00:00,50.900001525878906
2020-11-09 00:00:00+00:00,51.04999923706055
2020-11-10 00:00:00+00:00,51.349998474121094
2020-11-11 00:00:00+00:00,51.45000076293945
2020-11-12 00:00:00+00:00,52.5
2020-11-13 00:00:00+00:00,52.79999923706055
2020-11-16 00:00:00+00:00,53.0
2020-11-17 00:00:00+00:00,52.849998474121094
2020-11-18 00:00:00+00:00,52.900001525878906
2020-11-19 00:00:00+00:00,52.849998474121094
2020-11-20 00:00:00+00:00,52.900001525878906
2020-11-23 00:00:00+00:00,53.20000076293945
2020-11-24 00:00:00+00:00,53.25
2020-11-25 00:00:00+00:00,53.599998474121094
2020-11-27 00:00:00+00:00,53.79999923706055
2020-11-30 00:00:00+00:00,61.0
2020-12-01 00:00:00+00:00,61.349998474121094
2020-12-02 00:00:00+00:00,62.0
2020-12-03 00:00:00+00:00,61.79999923706055
2020-12-04 00:00:00+00:00,63.099998474121094
2020-12-07 00:00:00+00:00,62.900001525878906
2020-12-08 00:00:00+00:00,62.95000076293945
2020-12-09 00:00:00+00:00,63.20000076293945
2020-12-10 00:00:00+00:00,64.0
2020-12-11 00:00:00+00:00,65.1500015258789
2020-12-14 00:00:00+00:00,65.44999694824219
2020-12-15 00:00:00+00:00,66.0999984741211
2020-12-16 00:00:00+00:00,65.75
2020-12-17 00:00:00+00:00,65.75
2020-12-18 00:00:00+00:00,66.0
2020-12-21 00:00:00+00:00,66.19999694824219
2020-12-22 00:00:00+00:00,66.1500015258789
2020-12-23 00:00:00+00:00,66.0999984741211
2020-12-24 00:00:00+00:00,66.19999694824219
2020-12-28 00:00:00+00:00,66.22000122070312
2020-12-29 00:00:00+00:00,66.22000122070312
2021-01-04 00:00:00+00:00,69.3499984741211
2021-01-05 00:00:00+00:00,65.0
2021-01-06 00:00:00+00:00,64.4000015258789
2021-01-07 00:00:00+00:00,66.5999984741211
2021-01-08 00:00:00+00:00,68.5
2021-01-11 00:00:00+00:00,68.44999694824219
2021-01-12 00:00:00+00:00,70.75
2021-01-13 00:00:00+00:00,70.25
2021-01-14 00:00:00+00:00,69.75
2021-01-15 00:00:00+00:00,68.4000015258789
2021-01-19 00:00:00+00:00,67.55000305175781
2021-01-20 00:00:00+00:00,67.5
2021-01-21 00:00:00+00:00,67.55000305175781
2021-01-22 00:00:00+00:00,67.55000305175781
2021-01-25 00:00:00+00:00,67.4000015258789
2021-01-26 00:00:00+00:00,67.5999984741211
2021-01-27 00:00:00+00:00,67.6500015258789
2021-01-28 00:00:00+00:00,67.75
2021-01-29 00:00:00+00:00,67.80000305175781
2021-02-01 00:00:00+00:00,65.19999694824219
2021-02-02 00:00:00+00:00,65.55000305175781
2021-02-03 00:00:00+00:00,63.70000076293945
2021-02-04 00:00:00+00:00,64.9000015258789
2021-02-05 00:00:00+00:00,66.5
2021-02-08 00:00:00+00:00,68.30000305175781
2021-02-09 00:00:00+00:00,68.55000305175781
2021-02-10 00:00:00+00:00,68.05000305175781
2021-02-11 00:00:00+00:00,67.1500015258789
2021-02-12 00:00:00+00:00,67.0
2021-02-16 00:00:00+00:00,65.55000305175781
2021-02-17 00:00:00+00:00,65.3499984741211
2021-02-18 00:00:00+00:00,65.3499984741211
2021-02-19 00:00:00+00:00,66.0
2021-02-22 00:00:00+00:00,66.0
2021-02-23 00:00:00+00:00,65.8499984741211
2021-02-24 00:00:00+00:00,65.75
2021-02-25 00:00:00+00:00,65.80000305175781
2021-02-26 00:00:00+00:00,65.9000015258789
2021-03-01 00:00:00+00:00,65.5
2021-03-02 00:00:00+00:00,66.1500015258789
2021-03-03 00:00:00+00:00,65.80000305175781
2021-03-04 00:00:00+00:00,65.1500015258789
2021-03-05 00:00:00+00:00,65.0999984741211
2021-03-08 00:00:00+00:00,65.55000305175781
2021-03-09 00:00:00+00:00,66.0
2021-03-10 00:00:00+00:00,66.05000305175781
2021-03-11 00:00:00+00:00,65.94999694824219
2021-03-12 00:00:00+00:00,66.0999984741211
2021-03-15 00:00:00+00:00,66.3499984741211
2021-03-16 00:00:00+00:00,66.3499984741211
2021-03-17 00:00:00+00:00,67.55000305175781
2021-03-18 00:00:00+00:00,68.0999984741211
2021-03-19 00:00:00+00:00,68.25
2021-03-22 00:00:00+00:00,68.5
2021-03-23 00:00:00+00:00,68.44999694824219
2021-03-24 00:00:00+00:00,68.4000015258789
2021-03-25 00:00:00+00:00,68.4000015258789
2021-03-26 00:00:00+00:00,68.44999694824219
2021-03-29 00:00:00+00:00,70.5
2021-03-30 00:00:00+00:00,70.0
2021-03-31 00:00:00+00:00,70.0999984741211
2021-04-01 00:00:00+00:00,70.25
2021-04-05 00:00:00+00:00,70.25
2021-04-06 00:00:00+00:00,70.4000015258789
2021-04-07 00:00:00+00:00,68.80000305175781
2021-04-08 00:00:00+00:00,67.05000305175781
2021-04-09 00:00:00+00:00,67.55000305175781
2021-04-12 00:00:00+00:00,68.44999694824219
2021-04-13 00:00:00+00:00,69.0
2021-04-14 00:00:00+00:00,69.30000305175781
2021-04-15 00:00:00+00:00,71.5999984741211
2021-04-16 00:00:00+00:00,71.69999694824219
2021-04-19 00:00:00+00:00,71.5
2021-04-20 00:00:00+00:00,71.3499984741211
2021-04-21 00:00:00+00:00,71.5999984741211
2021-04-22 00:00:00+00:00,71.6500015258789
2021-04-23 00:00:00+00:00,71.5
2021-04-26 00:00:00+00:00,71.6500015258789
2021-04-27 00:00:00+00:00,71.75
2021-04-28 00:00:00+00:00,71.69999694824219
2021-04-29 00:00:00+00:00,71.9000015258789
2021-04-30 00:00:00+00:00,71.75
2021-05-03 00:00:00+00:00,77.5999984741211
2021-05-04 00:00:00+00:00,78.55000305175781
2021-05-05 00:00:00+00:00,79.94999694824219
2021-05-06 00:00:00+00:00,81.69999694824219
2021-05-07 00:00:00+00:00,82.4000015258789
2021-05-10 00:00:00+00:00,83.8499984741211
2021-05-11 00:00:00+00:00,84.69999694824219
2021-05-12 00:00:00+00:00,85.8499984741211
2021-05-13 00:00:00+00:00,85.80000305175781
2021-05-14 00:00:00+00:00,85.44999694824219
2021-05-17 00:00:00+00:00,84.75
2021-05-18 00:00:00+00:00,84.5999984741211
2021-05-19 00:00:00+00:00,84.0
2021-05-20 00:00:00+00:00,84.6500015258789
2021-05-21 00:00:00+00:00,85.25
2021-05-24 00:00:00+00:00,85.44999694824219
2021-05-25 00:00:00+00:00,85.69999694824219
2021-05-26 00:00:00+00:00,85.9000015258789
2021-05-27 00:00:00+00:00,85.9000015258789
2021-05-28 00:00:00+00:00,86.0999984741211
2021-06-01 00:00:00+00:00,95.9000015258789
2021-06-02 00:00:00+00:00,96.0
2021-06-03 00:00:00+00:00,100.44999694824219
2021-06-04 00:00:00+00:00,101.25
2021-06-07 00:00:00+00:00,105.94999694824219
2021-06-08 00:00:00+00:00,105.8499984741211
2021-06-09 00:00:00+00:00,108.25
2021-06-10 00:00:00+00:00,110.0
2021-06-11 00:00:00+00:00,110.0999984741211
2021-06-14 00:00:00+00:00,108.8499984741211
2021-06-15 00:00:00+00:00,108.0
2021-06-16 00:00:00+00:00,107.9000015258789
2021-06-17 00:00:00+00:00,107.80000305175781
2021-06-18 00:00:00+00:00,107.75
2021-06-21 00:00:00+00:00,107.3499984741211
2021-06-22 00:00:00+00:00,107.44999694824219
2021-06-23 00:00:00+00:00,107.3499984741211
2021-06-24 00:00:00+00:00,107.94999694824219
2021-06-25 00:00:00+00:00,108.4000015258789
2021-06-28 00:00:00+00:00,112.05000305175781
2021-06-29 00:00:00+00:00,115.0999984741211
2021-06-30 00:00:00+00:00,120.75
2021-07-01 00:00:00+00:00,122.30000305175781
2021-07-02 00:00:00+00:00,123.5999984741211
2021-07-06 00:00:00+00:00,123.6500015258789
2021-07-07 00:00:00+00:00,124.5999984741211
2021-07-08 00:00:00+00:00,125.55000305175781
2021-07-09 00:00:00+00:00,126.80000305175781
2021-07-12 00:00:00+00:00,127.0
2021-07-13 00:00:00+00:00,131.5
2021-07-14 00:00:00+00:00,131.35000610351562
2021-07-15 00:00:00+00:00,131.89999389648438
2021-07-16 00:00:00+00:00,132.64999389648438
2021-07-19 00:00:00+00:00,133.1999969482422
2021-07-20 00:00:00+00:00,132.1999969482422
2021-07-21 00:00:00+00:00,132.85000610351562
2021-07-22 00:00:00+00:00,132.1999969482422
2021-07-23 00:00:00+00:00,132.4499969482422
2021-07-26 00:00:00+00:00,132.39999389648438
2021-07-27 00:00:00+00:00,132.75
2021-07-28 00:00:00+00:00,132.89999389648438
2021-07-29 00:00:00+00:00,132.35000610351562
2021-07-30 00:00:00+00:00,132.8000030517578
2021-08-02 00:00:00+00:00,139.85000610351562
2021-08-03 00:00:00+00:00,140.10000610351562
2021-08-04 00:00:00+00:00,141.10000610351562
2021-08-05 00:00:00+00:00,141.60000610351562
2021-08-06 00:00:00+00:00,143.75
2021-08-09 00:00:00+00:00,144.6999969482422
2021-08-10 00:00:00+00:00,146.10000610351562
2021-08-11 00:00:00+00:00,148.10000610351562
2021-08-12 00:00:00+00:00,148.9499969482422
2021-08-13 00:00:00+00:00,149.64999389648438
2021-08-16 00:00:00+00:00,151.8000030517578
2021-08-17 00:00:00+00:00,150.0500030517578
2021-08-18 00:00:00+00:00,150.14999389648438
2021-08-19 00:00:00+00:00,144.25
2021-08-20 00:00:00+00:00,146.5
2021-08-23 00:00:00+00:00,148.35000610351562
2021-08-24 00:00:00+00:00,149.0
2021-08-25 00:00:00+00:00,148.89999389648438
2021-08-26 00:00:00+00:00,149.0
2021-08-27 00:00:00+00:00,148.85000610351562
2021-08-30 00:00:00+00:00,149.14999389648438
2021-08-31 00:00:00+00:00,154.60000610351562
2021-09-01 00:00:00+00:00,157.89999389648438
2021-09-02 00:00:00+00:00,162.14999389648438
2021-09-03 00:00:00+00:00,165.25
2021-09-07 00:00:00+00:00,168.8000030517578
2021-09-08 00:00:00+00:00,168.8000030517578
2021-09-09 00:00:00+00:00,169.64999389648438
2021-09-10 00:00:00+00:00,170.9499969482422
2021-09-13 00:00:00+00:00,172.0
2021-09-14 00:00:00+00:00,171.35000610351562
2021-09-15 00:00:00+00:00,169.35000610351562
2021-09-16 00:00:00+00:00,167.1999969482422
2021-09-17 00:00:00+00:00,168.75
2021-09-20 00:00:00+00:00,171.10000610351562
2021-09-21 00:00:00+00:00,171.14999389648438
2021-09-22 00:00:00+00:00,171.9499969482422
2021-09-23 00:00:00+00:00,172.5
2021-09-24 00:00:00+00:00,173.0500030517578
2021-09-27 00:00:00+00:00,201.35000610351562
2021-09-28 00:00:00+00:00,201.35000610351562
2021-09-29 00:00:00+00:00,210.0
2021-09-30 00:00:00+00:00,218.10000610351562
2021-10-01 00:00:00+00:00,233.60000610351562
2021-10-04 00:00:00+00:00,246.5
2021-10-05 00:00:00+00:00,274.0
2021-10-06 00:00:00+00:00,237.14999389648438
2021-10-07 00:00:00+00:00,237.10000610351562
2021-10-08 00:00:00+00:00,230.0
2021-10-11 00:00:00+00:00,240.14999389648438
2021-10-12 00:00:00+00:00,243.14999389648438
2021-10-13 00:00:00+00:00,244.9499969482422
2021-10-14 00:00:00+00:00,243.75
2021-10-15 00:00:00+00:00,240.0
2021-10-18 00:00:00+00:00,238.64999389648438
2021-10-19 00:00:00+00:00,237.0
2021-10-20 00:00:00+00:00,232.5
2021-10-21 00:00:00+00:00,228.5
2021-10-22 00:00:00+00:00,229.75
2021-10-25 00:00:00+00:00,234.14999389648438
2021-10-26 00:00:00+00:00,234.0
2021-10-27 00:00:00+00:00,232.85000610351562
2021-10-28 00:00:00+00:00,234.5500030517578
2021-10-29 00:00:00+00:00,231.35000610351562
2021-11-01 00:00:00+00:00,138.75
2021-11-02 00:00:00+00:00,139.85000610351562
2021-11-03 00:00:00+00:00,149.5
2021-11-04 00:00:00+00:00,148.0
2021-11-05 00:00:00+00:00,148.0
2021-11-08 00:00:00+00:00,158.0
2021-11-09 00:00:00+00:00,152.0
2021-11-10 00:00:00+00:00,142.5
2021-11-11 00:00:00+00:00,141.5
2021-11-12 00:00:00+00:00,139.5
2021-11-15 00:00:00+00:00,139.5
2021-11-16 00:00:00+00:00,141.6999969482422
2021-11-17 00:00:00+00:00,142.5
2021-11-18 00:00:00+00:00,144.75
2021-11-19 00:00:00+00:00,145.25
2021-11-22 00:00:00+00:00,146.35000610351562
2021-11-23 00:00:00+00:00,150.0
2021-11-24 00:00:00+00:00,149.39999389648438
2021-11-26 00:00:00+00:00,144.8000030517578
2021-11-29 00:00:00+00:00,121.55000305175781
2021-11-30 00:00:00+00:00,111.75
2021-12-01 00:00:00+00:00,125.1500015258789
2021-12-02 00:00:00+00:00,124.25
2021-12-03 00:00:00+00:00,121.0
2021-12-06 00:00:00+00:00,122.0
2021-12-07 00:00:00+00:00,129.0500030517578
2021-12-08 00:00:00+00:00,134.5
2021-12-09 00:00:00+00:00,134.89999389648438
2021-12-10 00:00:00+00:00,135.6999969482422
2021-12-13 00:00:00+00:00,137.3000030517578
2021-12-14 00:00:00+00:00,141.0
2021-12-15 00:00:00+00:00,141.5
2021-12-16 00:00:00+00:00,147.25
2021-12-17 00:00:00+00:00,146.0
2021-12-20 00:00:00+00:00,148.75
2021-12-21 00:00:00+00:00,147.39999389648438
2021-12-22 00:00:00+00:00,147.35000610351562
2021-12-23 00:00:00+00:00,143.5
2021-12-27 00:00:00+00:00,143.5
2021-12-28 00:00:00+00:00,143.0
2021-12-29 00:00:00+00:00,138.75
2021-12-30 00:00:00+00:00,138.5
2021-12-31 00:00:00+00:00,136.75
2022-01-03 00:00:00+00:00,119.0
2022-01-04 00:00:00+00:00,130.0500030517578
2022-01-05 00:00:00+00:00,137.39999389648438
2022-01-06 00:00:00+00:00,143.14999389648438
2022-01-07 00:00:00+00:00,138.5
2022-01-10 00:00:00+00:00,138.75
2022-01-11 00:00:00+00:00,135.0
2022-01-12 00:00:00+00:00,139.0
2022-01-13 00:00:00+00:00,148.60000610351562
2022-01-14 00:00:00+00:00,154.35000610351562
2022-01-18 00:00:00+00:00,162.0
2022-01-19 00:00:00+00:00,161.75
2022-01-20 00:00:00+00:00,160.0
2022-01-21 00:00:00+00:00,162.0
2022-01-24 00:00:00+00:00,163.35000610351562
2022-01-25 00:00:00+00:00,164.25
2022-01-26 00:00:00+00:00,165.6999969482422
2022-01-27 00:00:00+00:00,165.64999389648438
2022-01-28 00:00:00+00:00,167.1999969482422
2022-01-31 00:00:00+00:00,178.25
2022-02-01 00:00:00+00:00,174.5
2022-02-02 00:00:00+00:00,177.39999389648438
2022-02-03 00:00:00+00:00,177.64999389648438
2022-02-04 00:00:00+00:00,183.0
2022-02-07 00:00:00+00:00,182.14999389648438
2022-02-08 00:00:00+00:00,186.0
2022-02-09 00:00:00+00:00,187.5
2022-02-10 00:00:00+00:00,188.0
2022-02-11 00:00:00+00:00,189.5
2022-02-14 00:00:00+00:00,191.5
2022-02-15 00:00:00+00:00,186.75
2022-02-16 00:00:00+00:00,183.64999389648438
2022-02-17 00:00:00+00:00,184.0
2022-02-18 00:00:00+00:00,185.0
2022-02-22 00:00:00+00:00,189.0
2022-02-23 00:00:00+00:00,190.75
2022-02-24 00:00:00+00:00,192.0
2022-02-25 00:00:00+00:00,194.5
2022-02-28 00:00:00+00:00,254.64999389648438
2022-03-01 00:00:00+00:00,321.0
2022-03-02 00:00:00+00:00,436.0
2022-03-03 00:00:00+00:00,352.5
2022-03-04 00:00:00+00:00,433.3500061035156
2022-03-07 00:00:00+00:00,416.0
2022-03-08 00:00:00+00:00,438.3500061035156
2022-03-09 00:00:00+00:00,412.5
2022-03-10 00:00:00+00:00,363.3500061035156
2022-03-11 00:00:00+00:00,362.5
2022-03-14 00:00:00+00:00,356.0
2022-03-15 00:00:00+00:00,341.0
2022-03-16 00:00:00+00:00,310.0
2022-03-17 00:00:00+00:00,310.0
2022-03-18 00:00:00+00:00,330.0
2022-03-21 00:00:00+00:00,315.0
2022-03-22 00:00:00+00:00,323.0
2022-03-23 00:00:00+00:00,326.0
2022-03-24 00:00:00+00:00,325.0
2022-03-25 00:00:00+00:00,325.25
2022-03-28 00:00:00+00:00,270.0
2022-03-29 00:00:00+00:00,268.5
2022-03-30 00:00:00+00:00,271.5
2022-03-31 00:00:00+00:00,273.3500061035156
2022-04-01 00:00:00+00:00,265.0
2022-04-04 00:00:00+00:00,263.6499938964844
2022-04-05 00:00:00+00:00,294.3500061035156
2022-04-06 00:00:00+00:00,291.3500061035156
2022-04-07 00:00:00+00:00,282.3999938964844
2022-04-08 00:00:00+00:00,292.6499938964844
2022-04-11 00:00:00+00:00,300.0
2022-04-12 00:00:00+00:00,319.6499938964844
2022-04-13 00:00:00+00:00,321.3500061035156
2022-04-14 00:00:00+00:00,321.3500061035156
2022-04-18 00:00:00+00:00,321.3500061035156
2022-04-19 00:00:00+00:00,322.3500061035156
2022-04-20 00:00:00+00:00,327.6499938964844
2022-04-21 00:00:00+00:00,326.6000061035156
2022-04-22 00:00:00+00:00,326.75
2022-04-25 00:00:00+00:00,325.5
2022-04-26 00:00:00+00:00,324.6499938964844
2022-04-27 00:00:00+00:00,324.3500061035156
2022-04-28 00:00:00+00:00,322.6499938964844
2022-04-29 00:00:00+00:00,319.25
2022-05-02 00:00:00+00:00,259.1499938964844
2022-05-03 00:00:00+00:00,283.0
2022-05-04 00:00:00+00:00,311.6499938964844
2022-05-05 00:00:00+00:00,320.0
2022-05-06 00:00:00+00:00,319.0
2022-05-09 00:00:00+00:00,310.8500061035156
2022-05-10 00:00:00+00:00,313.0
2022-05-11 00:00:00+00:00,318.5
2022-05-12 00:00:00+00:00,325.3500061035156
2022-05-13 00:00:00+00:00,318.3500061035156
2022-05-16 00:00:00+00:00,325.1499938964844
2022-05-17 00:00:00+00:00,329.5
2022-05-18 00:00:00+00:00,329.0
2022-05-19 00:00:00+00:00,332.0
2022-05-20 00:00:00+00:00,335.0
2022-05-23 00:00:00+00:00,331.75
2022-05-24 00:00:00+00:00,331.0
2022-05-25 00:00:00+00:00,330.0
2022-05-26 00:00:00+00:00,330.5
2022-05-27 00:00:00+00:00,328.1499938964844
2022-05-31 00:00:00+00:00,328.3500061035156
2022-06-01 00:00:00+00:00,323.5
2022-06-02 00:00:00+00:00,323.5
2022-06-03 00:00:00+00:00,323.5
2022-06-06 00:00:00+00:00,330.0
2022-06-07 00:00:00+00:00,326.25
2022-06-08 00:00:00+00:00,324.5
2022-06-09 00:00:00+00:00,321.6499938964844
2022-06-10 00:00:00+00:00,317.5
2022-06-13 00:00:00+00:00,317.5
2022-06-14 00:00:00+00:00,324.0
2022-06-15 00:00:00+00:00,328.0
2022-06-16 00:00:00+00:00,331.3500061035156
2022-06-17 00:00:00+00:00,335.5
2022-06-21 00:00:00+00:00,345.5
2022-06-22 00:00:00+00:00,345.0
2022-06-23 00:00:00+00:00,347.0
2022-06-24 00:00:00+00:00,352.8999938964844
2022-06-27 00:00:00+00:00,369.5
2022-06-28 00:00:00+00:00,365.5
2022-06-29 00:00:00+00:00,364.5
2022-06-30 00:00:00+00:00,370.3500061035156
2022-07-01 00:00:00+00:00,367.0
2022-07-05 00:00:00+00:00,379.5
2022-07-06 00:00:00+00:00,385.5
2022-07-07 00:00:00+00:00,385.0
2022-07-08 00:00:00+00:00,388.5
2022-07-11 00:00:00+00:00,390.0
2022-07-12 00:00:00+00:00,394.5
2022-07-13 00:00:00+00:00,394.5
2022-07-14 00:00:00+00:00,392.0
2022-07-15 00:00:00+00:00,384.5
2022-07-18 00:00:00+00:00,374.6499938964844
2022-07-19 00:00:00+00:00,371.0
2022-07-20 00:00:00+00:00,376.0
2022-07-21 00:00:00+00:00,375.0
2022-07-22 00:00:00+00:00,376.5
2022-07-25 00:00:00+00:00,387.0
2022-07-26 00:00:00+00:00,388.3500061035156
2022-07-27 00:00:00+00:00,389.3500061035156
2022-07-28 00:00:00+00:00,390.0
2022-07-29 00:00:00+00:00,389.0
2022-08-01 00:00:00+00:00,365.5
2022-08-02 00:00:00+00:00,363.6499938964844
2022-08-03 00:00:00+00:00,352.8500061035156
2022-08-04 00:00:00+00:00,327.3500061035156
2022-08-05 00:00:00+00:00,313.6499938964844
2022-08-08 00:00:00+00:00,313.5
2022-08-09 00:00:00+00:00,327.6499938964844
2022-08-10 00:00:00+00:00,343.3500061035156
2022-08-11 00:00:00+00:00,344.3500061035156
2022-08-12 00:00:00+00:00,348.0
2022-08-15 00:00:00+00:00,353.3500061035156
2022-08-16 00:00:00+00:00,355.3500061035156
2022-08-17 00:00:00+00:00,361.0
2022-08-18 00:00:00+00:00,364.3500061035156
2022-08-19 00:00:00+00:00,373.3500061035156
2022-08-22 00:00:00+00:00,376.75
2022-08-23 00:00:00+00:00,376.0
2022-08-24 00:00:00+00:00,369.0
2022-08-25 00:00:00+00:00,366.3500061035156
2022-08-26 00:00:00+00:00,364.8500061035156
2022-08-29 00:00:00+00:00,383.0
2022-08-30 00:00:00+00:00,362.1000061035156
2022-08-31 00:00:00+00:00,364.54998779296875
2022-09-01 00:00:00+00:00,369.0
2022-09-02 00:00:00+00:00,373.8999938964844
2022-09-06 00:00:00+00:00,381.0
2022-09-07 00:00:00+00:00,360.0
2022-09-08 00:00:00+00:00,348.0
2022-09-09 00:00:00+00:00,338.0
2022-09-12 00:00:00+00:00,329.0
2022-09-13 00:00:00+00:00,336.0
2022-09-14 00:00:00+00:00,336.0
2022-09-15 00:00:00+00:00,337.0
2022-09-16 00:00:00+00:00,332.5
2022-09-19 00:00:00+00:00,334.0
2022-09-20 00:00:00+00:00,327.6499938964844
2022-09-21 00:00:00+00:00,327.5
2022-09-22 00:00:00+00:00,323.0
2022-09-23 00:00:00+00:00,327.0
2022-09-26 00:00:00+00:00,326.0
2022-09-27 00:00:00+00:00,327.5
2022-09-28 00:00:00+00:00,327.5
2022-09-29 00:00:00+00:00,328.25
2022-09-30 00:00:00+00:00,328.5
2022-10-03 00:00:00+00:00,314.0
2022-10-04 00:00:00+00:00,300.0
2022-10-05 00:00:00+00:00,293.75
2022-10-06 00:00:00+00:00,265.5
2022-10-07 00:00:00+00:00,262.0
2022-10-10 00:00:00+00:00,262.5
2022-10-11 00:00:00+00:00,266.1499938964844
2022-10-12 00:00:00+00:00,280.0
2022-10-13 00:00:00+00:00,273.5
2022-10-14 00:00:00+00:00,274.5
2022-10-17 00:00:00+00:00,269.5
2022-10-18 00:00:00+00:00,266.6499938964844
2022-10-19 00:00:00+00:00,267.0
2022-10-20 00:00:00+00:00,270.0
2022-10-21 00:00:00+00:00,269.75
2022-10-24 00:00:00+00:00,267.5
2022-10-25 00:00:00+00:00,269.25
2022-10-26 00:00:00+00:00,269.0
2022-10-27 00:00:00+00:00,268.3500061035156
2022-10-28 00:00:00+00:00,275.0799865722656
2022-10-31 00:00:00+00:00,221.0
2022-11-01 00:00:00+00:00,225.5
2022-11-02 00:00:00+00:00,231.25
2022-11-03 00:00:00+00:00,222.0
2022-11-04 00:00:00+00:00,215.64999389648438
2022-11-07 00:00:00+00:00,203.0
2022-11-08 00:00:00+00:00,192.75
2022-11-09 00:00:00+00:00,188.0
2022-11-10 00:00:00+00:00,194.64999389648438
2022-11-11 00:00:00+00:00,193.0
2022-11-14 00:00:00+00:00,195.0
2022-11-15 00:00:00+00:00,203.0
2022-11-16 00:00:00+00:00,198.0
2022-11-17 00:00:00+00:00,202.5
2022-11-18 00:00:00+00:00,210.0
2022-11-21 00:00:00+00:00,217.5
2022-11-22 00:00:00+00:00,213.14999389648438
2022-11-23 00:00:00+00:00,213.75
2022-11-25 00:00:00+00:00,213.64999389648438
2022-11-28 00:00:00+00:00,249.5
2022-11-29 00:00:00+00:00,259.5
2022-11-30 00:00:00+00:00,276.0
2022-12-01 00:00:00+00:00,265.5
2022-12-02 00:00:00+00:00,270.6499938964844
2022-12-05 00:00:00+00:00,263.0
2022-12-06 00:00:00+00:00,266.5
2022-12-07 00:00:00+00:00,263.0
2022-12-08 00:00:00+00:00,256.3999938964844
2022-12-09 00:00:00+00:00,260.0
2022-12-12 00:00:00+00:00,251.5
2022-12-13 00:00:00+00:00,248.0
2022-12-14 00:00:00+00:00,239.5
2022-12-15 00:00:00+00:00,238.5
2022-12-16 00:00:00+00:00,230.35000610351562
2022-12-19 00:00:00+00:00,231.0
2022-12-20 00:00:00+00:00,228.64999389648438
2022-12-21 00:00:00+00:00,229.0
2022-12-22 00:00:00+00:00,229.0
2022-12-23 00:00:00+00:00,229.0
2022-12-27 00:00:00+00:00,229.0
2022-12-28 00:00:00+00:00,227.85000610351562
2022-12-29 00:00:00+00:00,227.5
2022-12-30 00:00:00+00:00,227.89999389648438
2023-01-03 00:00:00+00:00,184.64999389648438
2023-01-04 00:00:00+00:00,178.5
2023-01-05 00:00:00+00:00,177.25
2023-01-06 00:00:00+00:00,171.85000610351562
2023-01-09 00:00:00+00:00,171.14999389648438
2023-01-10 00:00:00+00:00,171.0
2023-01-11 00:00:00+00:00,165.14999389648438
2023-01-12 00:00:00+00:00,174.75
2023-01-13 00:00:00+00:00,169.0
2023-01-17 00:00:00+00:00,170.0
2023-01-18 00:00:00+00:00,174.14999389648438
2023-01-19 00:00:00+00:00,175.39999389648438
2023-01-20 00:00:00+00:00,175.10000610351562
2023-01-23 00:00:00+00:00,172.39999389648438
2023-01-24 00:00:00+00:00,169.64999389648438
2023-01-25 00:00:00+00:00,166.14999389648438
2023-01-26 00:00:00+00:00,166.14999389648438
2023-01-27 00:00:00+00:00,167.5500030517578
2023-01-30 00:00:00+00:00,138.64999389648438
2023-01-31 00:00:00+00:00,136.5500030517578
2023-02-01 00:00:00+00:00,141.35000610351562
2023-02-02 00:00:00+00:00,136.64999389648438
2023-02-03 00:00:00+00:00,138.0
2023-02-06 00:00:00+00:00,139.5
2023-02-07 00:00:00+00:00,135.64999389648438
2023-02-08 00:00:00+00:00,128.85000610351562
2023-02-09 00:00:00+00:00,128.0
2023-02-10 00:00:00+00:00,131.0
2023-02-13 00:00:00+00:00,130.0
2023-02-14 00:00:00+00:00,134.0
2023-02-15 00:00:00+00:00,136.39999389648438
2023-02-16 00:00:00+00:00,136.85000610351562
2023-02-17 00:00:00+00:00,135.64999389648438
2023-02-21 00:00:00+00:00,136.64999389648438
2023-02-22 00:00:00+00:00,137.0
2023-02-23 00:00:00+00:00,139.0
2023-02-24 00:00:00+00:00,138.3000030517578
2023-02-27 00:00:00+00:00,148.64999389648438
2023-02-28 00:00:00+00:00,146.0
2023-03-01 00:00:00+00:00,146.14999389648438
2023-03-02 00:00:00+00:00,140.5
2023-03-03 00:00:00+00:00,131.25
2023-03-06 00:00:00+00:00,123.6500015258789
2023-03-07 00:00:00+00:00,124.6500015258789
2023-03-08 00:00:00+00:00,123.6500015258789
2023-03-09 00:00:00+00:00,127.6500015258789
2023-03-10 00:00:00+00:00,135.0
2023-03-13 00:00:00+00:00,137.14999389648438
2023-03-14 00:00:00+00:00,138.0
2023-03-15 00:00:00+00:00,136.0
2023-03-16 00:00:00+00:00,137.64999389648438
2023-03-17 00:00:00+00:00,135.0
2023-03-20 00:00:00+00:00,133.85000610351562
2023-03-21 00:00:00+00:00,138.64999389648438
2023-03-22 00:00:00+00:00,135.64999389648438
2023-03-23 00:00:00+00:00,135.64999389648438
2023-03-24 00:00:00+00:00,135.5
2023-03-27 00:00:00+00:00,136.35000610351562
2023-03-28 00:00:00+00:00,137.64999389648438
2023-03-29 00:00:00+00:00,137.85000610351562
2023-03-30 00:00:00+00:00,137.64999389648438
2023-03-31 00:00:00+00:00,138.3000030517578
2023-04-03 00:00:00+00:00,148.35000610351562
2023-04-04 00:00:00+00:00,143.35000610351562
2023-04-05 00:00:00+00:00,140.14999389648438
2023-04-06 00:00:00+00:00,135.64999389648438
2023-04-10 00:00:00+00:00,135.64999389648438
2023-04-11 00:00:00+00:00,130.25
2023-04-12 00:00:00+00:00,132.75
2023-04-13 00:00:00+00:00,134.1999969482422
2023-04-14 00:00:00+00:00,136.0
2023-04-17 00:00:00+00:00,136.14999389648438
2023-04-18 00:00:00+00:00,136.64999389648438
2023-04-19 00:00:00+00:00,137.35000610351562
2023-04-20 00:00:00+00:00,138.5
2023-04-21 00:00:00+00:00,138.39999389648438
2023-04-24 00:00:00+00:00,138.35000610351562
2023-04-25 00:00:00+00:00,140.0
2023-04-26 00:00:00+00:00,140.10000610351562
2023-04-27 00:00:00+00:00,139.89999389648438
2023-04-28 00:00:00+00:00,140.33999633789062
2023-05-01 00:00:00+00:00,136.25
2023-05-02 00:00:00+00:00,134.39999389648438
2023-05-03 00:00:00+00:00,128.64999389648438
2023-05-04 00:00:00+00:00,126.6500015258789
2023-05-05 00:00:00+00:00,126.8499984741211
2023-05-08 00:00:00+00:00,126.8499984741211
2023-05-09 00:00:00+00:00,125.25
2023-05-10 00:00:00+00:00,121.5
2023-05-11 00:00:00+00:00,119.3499984741211
2023-05-12 00:00:00+00:00,119.1500015258789
2023-05-15 00:00:00+00:00,118.5
2023-05-16 00:00:00+00:00,117.1500015258789
2023-05-17 00:00:00+00:00,117.8499984741211
2023-05-18 00:00:00+00:00,117.5999984741211
2023-05-19 00:00:00+00:00,118.4000015258789
2023-05-22 00:00:00+00:00,119.0
2023-05-23 00:00:00+00:00,119.0
2023-05-24 00:00:00+00:00,118.6500015258789
2023-05-25 00:00:00+00:00,118.5
2023-05-26 00:00:00+00:00,119.02999877929688
2023-05-30 00:00:00+00:00,93.25
2023-05-31 00:00:00+00:00,95.0999984741211
2023-06-01 00:00:00+00:00,93.8499984741211
2023-06-02 00:00:00+00:00,100.6500015258789
2023-06-05 00:00:00+00:00,110.8499984741211
2023-06-06 00:00:00+00:00,105.5
2023-06-07 00:00:00+00:00,109.75
2023-06-08 00:00:00+00:00,112.5
2023-06-09 00:00:00+00:00,116.1500015258789
2023-06-12 00:00:00+00:00,114.75
2023-06-13 00:00:00+00:00,116.25
2023-06-14 00:00:00+00:00,116.6500015258789
2023-06-15 00:00:00+00:00,116.3499984741211
2023-06-16 00:00:00+00:00,114.6500015258789
2023-06-20 00:00:00+00:00,116.75
2023-06-21 00:00:00+00:00,116.25
2023-06-22 00:00:00+00:00,115.6500015258789
2023-06-23 00:00:00+00:00,115.0
2023-06-26 00:00:00+00:00,114.6500015258789
2023-06-27 00:00:00+00:00,114.6500015258789
2023-06-28 00:00:00+00:00,114.6500015258789
2023-06-29 00:00:00+00:00,114.6500015258789
2023-06-30 00:00:00+00:00,115.58999633789062
2023-07-03 00:00:00+00:00,121.4000015258789
2023-07-05 00:00:00+00:00,123.3499984741211
2023-07-06 00:00:00+00:00,117.25
2023-07-07 00:00:00+00:00,115.6500015258789
2023-07-10 00:00:00+00:00,111.5
2023-07-11 00:00:00+00:00,105.9000015258789
2023-07-12 00:00:00+00:00,104.5
2023-07-13 00:00:00+00:00,103.75
2023-07-14 00:00:00+00:00,103.8499984741211
2023-07-17 00:00:00+00:00,104.1500015258789
2023-07-18 00:00:00+00:00,108.3499984741211
2023-07-19 00:00:00+00:00,108.5
2023-07-20 00:00:00+00:00,110.0
2023-07-21 00:00:00+00:00,110.5
2023-07-24 00:00:00+00:00,111.0
2023-07-25 00:00:00+00:00,110.8499984741211
2023-07-26 00:00:00+00:00,110.9000015258789
2023-07-27 00:00:00+00:00,110.9000015258789
2023-07-28 00:00:00+00:00,110.44999694824219
2023-07-31 00:00:00+00:00,106.0
2023-08-01 00:00:00+00:00,103.8499984741211
2023-08-02 00:00:00+00:00,105.1500015258789
2023-08-03 00:00:00+00:00,108.1500015258789
2023-08-04 00:00:00+00:00,108.0999984741211
2023-08-07 00:00:00+00:00,112.25
2023-08-08 00:00:00+00:00,115.0
2023-08-09 00:00:00+00:00,115.9000015258789
2023-08-10 00:00:00+00:00,115.3499984741211
2023-08-11 00:00:00+00:00,115.8499984741211
2023-08-14 00:00:00+00:00,115.05000305175781
2023-08-15 00:00:00+00:00,115.8499984741211
2023-08-16 00:00:00+00:00,115.0
2023-08-17 00:00:00+00:00,116.0
2023-08-18 00:00:00+00:00,116.1500015258789
2023-08-21 00:00:00+00:00,118.8499984741211
2023-08-22 00:00:00+00:00,118.75
2023-08-23 00:00:00+00:00,118.1500015258789
2023-08-24 00:00:00+00:00,118.0999984741211
2023-08-25 00:00:00+00:00,117.66000366210938
2023-08-28 00:00:00+00:00,122.5
2023-08-29 00:00:00+00:00,122.94999694824219
2023-08-30 00:00:00+00:00,122.25
2023-08-31 00:00:00+00:00,118.75
2023-09-01 00:00:00+00:00,116.6500015258789
2023-09-05 00:00:00+00:00,119.0
2023-09-06 00:00:00+00:00,116.1500015258789
2023-09-07 00:00:00+00:00,116.25
2023-09-08 00:00:00+00:00,116.1500015258789
2023-09-11 00:00:00+00:00,117.75
2023-09-12 00:00:00+00:00,118.3499984741211
2023-09-13 00:00:00+00:00,119.5999984741211
2023-09-14 00:00:00+00:00,120.5999984741211
2023-09-15 00:00:00+00:00,120.8499984741211
2023-09-18 00:00:00+00:00,121.5
2023-09-19 00:00:00+00:00,122.5
2023-09-20 00:00:00+00:00,122.5
2023-09-21 00:00:00+00:00,121.6500015258789
2023-09-22 00:00:00+00:00,122.1500015258789
2023-09-25 00:00:00+00:00,123.0
2023-09-26 00:00:00+00:00,123.0
2023-09-27 00:00:00+00:00,122.6500015258789
2023-09-28 00:00:00+00:00,122.6500015258789
2023-09-29 00:00:00+00:00,123.31999969482422
2023-10-02 00:00:00+00:00,124.0
2023-10-03 00:00:00+00:00,121.3499984741211
2023-10-04 00:00:00+00:00,119.30000305175781
2023-10-05 00:00:00+00:00,120.05000305175781
2023-10-06 00:00:00+00:00,122.80000305175781
2023-10-09 00:00:00+00:00,126.1500015258789
2023-10-10 00:00:00+00:00,130.25
2023-10-11 00:00:00+00:00,130.0
2023-10-12 00:00:00+00:00,134.25
2023-10-13 00:00:00+00:00,139.10000610351562
2023-10-16 00:00:00+00:00,138.85000610351562
2023-10-17 00:00:00+00:00,138.75
2023-10-18 00:00:00+00:00,138.25
2023-10-19 00:00:00+00:00,137.39999389648438
2023-10-20 00:00:00+00:00,138.0
2023-10-23 00:00:00+00:00,137.0
2023-10-24 00:00:00+00:00,135.25
2023-10-25 00:00:00+00:00,136.0
2023-10-26 00:00:00+00:00,135.60000610351562
2023-10-27 00:00:00+00:00,136.0800018310547
2023-10-30 00:00:00+00:00,128.1999969482422
2023-10-31 00:00:00+00:00,123.1500015258789
2023-11-01 00:00:00+00:00,122.5
2023-11-02 00:00:00+00:00,124.0
2023-11-03 00:00:00+00:00,124.5
2023-11-06 00:00:00+00:00,120.75
2023-11-07 00:00:00+00:00,121.0
2023-11-08 00:00:00+00:00,124.69999694824219
2023-11-09 00:00:00+00:00,126.6500015258789
2023-11-10 00:00:00+00:00,124.6500015258789
2023-11-13 00:00:00+00:00,124.5
2023-11-14 00:00:00+00:00,123.75
2023-11-15 00:00:00+00:00,123.1500015258789
2023-11-16 00:00:00+00:00,122.5
2023-11-17 00:00:00+00:00,121.75
2023-11-20 00:00:00+00:00,121.75
2023-11-21 00:00:00+00:00,122.4000015258789
2023-11-22 00:00:00+00:00,122.75
2023-11-24 00:00:00+00:00,123.55000305175781
2023-11-27 00:00:00+00:00,116.75
2023-11-28 00:00:00+00:00,114.3499984741211
2023-11-29 00:00:00+00:00,114.69999694824219
2023-11-30 00:00:00+00:00,118.44999694824219
2023-12-01 00:00:00+00:00,119.80000305175781
2023-12-04 00:00:00+00:00,119.0
2023-12-05 00:00:00+00:00,118.0
2023-12-06 00:00:00+00:00,120.4000015258789
2023-12-07 00:00:00+00:00,122.0
2023-12-08 00:00:00+00:00,122.75
2023-12-11 00:00:00+00:00,121.30000305175781
2023-12-12 00:00:00+00:00,117.6500015258789
2023-12-13 00:00:00+00:00,117.9000015258789
2023-12-14 00:00:00+00:00,118.0
2023-12-15 00:00:00+00:00,117.0
2023-12-18 00:00:00+00:00,116.8499984741211
2023-12-19 00:00:00+00:00,116.75
2023-12-20 00:00:00+00:00,116.25
2023-12-21 00:00:00+00:00,116.0
2023-12-22 00:00:00+00:00,115.8499984741211
2023-12-26 00:00:00+00:00,115.8499984741211
2023-12-27 00:00:00+00:00,117.5
2023-12-28 00:00:00+00:00,117.25
2023-12-29 00:00:00+00:00,117.55000305175781
2024-01-02 00:00:00+00:00,106.1500015258789
2024-01-03 00:00:00+00:00,109.25
2024-01-04 00:00:00+00:00,112.4000015258789
2024-01-05 00:00:00+00:00,115.25
2024-01-08 00:00:00+00:00,113.19999694824219
2024-01-09 00:00:00+00:00,111.1500015258789
2024-01-10 00:00:00+00:00,109.0
2024-01-11 00:00:00+00:00,107.25
2024-01-12 00:00:00+00:00,108.55000305175781
2024-01-16 00:00:00+00:00,108.0
2024-01-17 00:00:00+00:00,107.0
2024-01-18 00:00:00+00:00,106.9000015258789
2024-01-19 00:00:00+00:00,106.25
2024-01-22 00:00:00+00:00,105.55000305175781
2024-01-23 00:00:00+00:00,105.5
2024-01-24 00:00:00+00:00,105.9000015258789
2024-01-25 00:00:00+00:00,105.69999694824219
2024-01-26 00:00:00+00:00,106.06999969482422
2024-01-29 00:00:00+00:00,94.4000015258789
2024-01-30 00:00:00+00:00,96.0
2024-01-31 00:00:00+00:00,99.55000305175781
2024-02-01 00:00:00+00:00,97.44999694824219
2024-02-02 00:00:00+00:00,98.5
2024-02-05 00:00:00+00:00,98.19999694824219
2024-02-06 00:00:00+00:00,98.5
2024-02-07 00:00:00+00:00,98.5
2024-02-08 00:00:00+00:00,97.4000015258789
2024-02-09 00:00:00+00:00,96.0
2024-02-12 00:00:00+00:00,94.4000015258789
2024-02-13 00:00:00+00:00,94.0
2024-02-14 00:00:00+00:00,94.1500015258789
2024-02-15 00:00:00+00:00,94.5
2024-02-16 00:00:00+00:00,94.5
2024-02-20 00:00:00+00:00,94.75
2024-02-21 00:00:00+00:00,95.1500015258789
2024-02-22 00:00:00+00:00,95.6500015258789
2024-02-23 00:00:00+00:00,95.7699966430664
2024-02-26 00:00:00+00:00,98.69999694824219
2024-02-27 00:00:00+00:00,100.9000015258789
2024-02-28 00:00:00+00:00,103.6500015258789
2024-02-29 00:00:00+00:00,103.8499984741211
2024-03-01 00:00:00+00:00,107.0
2024-03-04 00:00:00+00:00,111.0
2024-03-05 00:00:00+00:00,112.5
2024-03-06 00:00:00+00:00,112.1500015258789
2024-03-07 00:00:00+00:00,110.75
2024-03-08 00:00:00+00:00,111.1500015258789
2024-03-11 00:00:00+00:00,109.0
2024-03-12 00:00:00+00:00,109.25
2024-03-13 00:00:00+00:00,109.5
2024-03-14 00:00:00+00:00,111.1500015258789
2024-03-15 00:00:00+00:00,112.3499984741211
2024-03-18 00:00:00+00:00,112.4000015258789
2024-03-19 00:00:00+00:00,112.6500015258789
2024-03-20 00:00:00+00:00,112.25
2024-03-21 00:00:00+00:00,112.4000015258789
2024-03-22 00:00:00+00:00,113.0
2024-03-25 00:00:00+00:00,113.75
2024-03-26 00:00:00+00:00,113.9000015258789
2024-03-27 00:00:00+00:00,114.05000305175781
2024-03-28 00:00:00+00:00,114.44000244140625
2024-04-01 00:00:00+00:00,119.75
2024-04-02 00:00:00+00:00,121.6500015258789
2024-04-03 00:00:00+00:00,118.9000015258789
2024-04-04 00:00:00+00:00,116.25
2024-04-05 00:00:00+00:00,117.94999694824219
2024-04-08 00:00:00+00:00,118.0
2024-04-09 00:00:00+00:00,117.9000015258789
2024-04-10 00:00:00+00:00,118.25
2024-04-11 00:00:00+00:00,120.75
2024-04-12 00:00:00+00:00,122.0
2024-04-15 00:00:00+00:00,120.69999694824219
2024-04-16 00:00:00+00:00,121.6500015258789
2024-04-17 00:00:00+00:00,120.1500015258789
2024-04-18 00:00:00+00:00,120.4000015258789
2024-04-19 00:00:00+00:00,119.9000015258789
2024-04-22 00:00:00+00:00,119.1500015258789
2024-04-23 00:00:00+00:00,119.0
2024-04-24 00:00:00+00:00,118.3499984741211
2024-04-25 00:00:00+00:00,118.6500015258789
2024-04-26 00:00:00+00:00,118.77999877929688
2024-04-29 00:00:00+00:00,101.3499984741211
2024-04-30 00:00:00+00:00,103.1500015258789
2024-05-01 00:00:00+00:00,105.5
2024-05-02 00:00:00+00:00,107.75
2024-05-03 00:00:00+00:00,107.0
2024-05-06 00:00:00+00:00,107.0
2024-05-07 00:00:00+00:00,108.75
2024-05-08 00:00:00+00:00,106.30000305175781
2024-05-09 00:00:00+00:00,107.25
2024-05-10 00:00:00+00:00,106.9000015258789
2024-05-13 00:00:00+00:00,105.75
2024-05-14 00:00:00+00:00,105.25
2024-05-15 00:00:00+00:00,105.5
2024-05-16 00:00:00+00:00,106.4000015258789
2024-05-17 00:00:00+00:00,105.0
2024-05-20 00:00:00+00:00,106.25
2024-05-21 00:00:00+00:00,106.5
2024-05-22 00:00:00+00:00,105.25
2024-05-23 00:00:00+00:00,105.6500015258789
2024-05-24 00:00:00+00:00,105.4000015258789
2024-05-28 00:00:00+00:00,105.5
2024-05-29 00:00:00+00:00,105.5
2024-05-30 00:00:00+00:00,105.5
2024-05-31 00:00:00+00:00,106.04000091552734
2024-06-03 00:00:00+00:00,118.94999694824219
2024-06-04 00:00:00+00:00,116.5
2024-06-05 00:00:00+00:00,111.4000015258789
2024-06-06 00:00:00+00:00,109.6500015258789
2024-06-07 00:00:00+00:00,108.6500015258789
2024-06-10 00:00:00+00:00,109.55000305175781
2024-06-11 00:00:00+00:00,108.80000305175781
2024-06-12 00:00:00+00:00,109.6500015258789
2024-06-13 00:00:00+00:00,110.30000305175781
2024-06-14 00:00:00+00:00,109.80000305175781
2024-06-17 00:00:00+00:00,109.0
2024-06-18 00:00:00+00:00,109.1500015258789
2024-06-20 00:00:00+00:00,110.6500015258789
2024-06-21 00:00:00+00:00,109.4000015258789
2024-06-24 00:00:00+00:00,109.0
2024-06-25 00:00:00+00:00,108.9000015258789
2024-06-26 00:00:00+00:00,108.6500015258789
2024-06-27 00:00:00+00:00,108.5
2024-06-28 00:00:00+00:00,109.66000366210938
2024-07-01 00:00:00+00:00,103.69999694824219
2024-07-02 00:00:00+00:00,103.25
2024-07-03 00:00:00+00:00,103.5999984741211
2024-07-05 00:00:00+00:00,104.44999694824219
2024-07-08 00:00:00+00:00,104.5
2024-07-09 00:00:00+00:00,102.8499984741211
2024-07-10 00:00:00+00:00,101.5
2024-07-11 00:00:00+00:00,102.1500015258789
2024-07-12 00:00:00+00:00,103.75
2024-07-15 00:00:00+00:00,106.0999984741211
2024-07-16 00:00:00+00:00,106.5
2024-07-17 00:00:00+00:00,104.4000015258789
2024-07-18 00:00:00+00:00,105.1500015258789
2024-07-19 00:00:00+00:00,105.1500015258789
2024-07-22 00:00:00+00:00,105.0
2024-07-23 00:00:00+00:00,105.25
2024-07-24 00:00:00+00:00,106.1500015258789
2024-07-25 00:00:00+00:00,106.25
2024-07-26 00:00:00+00:00,106.37000274658203
2024-07-29 00:00:00+00:00,115.44999694824219
2024-07-30 00:00:00+00:00,116.4000015258789
2024-07-31 00:00:00+00:00,116.6500015258789
2024-08-01 00:00:00+00:00,120.5999984741211
2024-08-02 00:00:00+00:00,121.4000015258789
2024-08-05 00:00:00+00:00,119.55000305175781
2024-08-06 00:00:00+00:00,120.8499984741211
2024-08-07 00:00:00+00:00,121.1500015258789
2024-08-08 00:00:00+00:00,121.5
2024-08-09 00:00:00+00:00,122.0
2024-08-12 00:00:00+00:00,122.9000015258789
2024-08-13 00:00:00+00:00,120.75
2024-08-14 00:00:00+00:00,121.9000015258789
2024-08-15 00:00:00+00:00,122.5
2024-08-16 00:00:00+00:00,122.4000015258789
2024-08-19 00:00:00+00:00,122.4000015258789
2024-08-20 00:00:00+00:00,121.5
2024-08-21 00:00:00+00:00,120.25
2024-08-22 00:00:00+00:00,120.8499984741211
2024-08-23 00:00:00+00:00,121.1500015258789
2024-08-26 00:00:00+00:00,121.1500015258789
2024-08-27 00:00:00+00:00,121.0
2024-08-28 00:00:00+00:00,121.4000015258789
2024-08-29 00:00:00+00:00,121.4000015258789
2024-08-30 00:00:00+00:00,121.68000030517578
2024-09-03 00:00:00+00:00,116.05000305175781
2024-09-04 00:00:00+00:00,114.6500015258789
2024-09-05 00:00:00+00:00,114.30000305175781
2024-09-06 00:00:00+00:00,114.6500015258789
2024-09-09 00:00:00+00:00,114.5999984741211
2024-09-10 00:00:00+00:00,113.80000305175781
2024-09-11 00:00:00+00:00,113.9000015258789
2024-09-12 00:00:00+00:00,113.1500015258789
2024-09-13 00:00:00+00:00,114.0
2024-09-16 00:00:00+00:00,112.80000305175781
2024-09-17 00:00:00+00:00,114.1500015258789
2024-09-18 00:00:00+00:00,114.0
2024-09-19 00:00:00+00:00,113.75
2024-09-20 00:00:00+00:00,113.9000015258789
2024-09-23 00:00:00+00:00,114.6500015258789
2024-09-24 00:00:00+00:00,114.25
2024-09-25 00:00:00+00:00,114.94999694824219
2024-09-26 00:00:00+00:00,114.8499984741211
2024-09-27 00:00:00+00:00,114.80999755859375
2024-09-30 00:00:00+00:00,118.75
2024-10-01 00:00:00+00:00,117.9000015258789
2024-10-02 00:00:00+00:00,116.0
2024-10-03 00:00:00+00:00,117.55000305175781
2024-10-04 00:00:00+00:00,121.94999694824219
2024-10-07 00:00:00+00:00,121.9000015258789
2024-10-08 00:00:00+00:00,119.5
2024-10-09 00:00:00+00:00,118.8499984741211
2024-10-10 00:00:00+00:00,120.55000305175781
2024-10-11 00:00:00+00:00,119.8499984741211
2024-10-14 00:00:00+00:00,120.75
2024-10-15 00:00:00+00:00,119.30000305175781
2024-10-16 00:00:00+00:00,118.1500015258789
2024-10-17 00:00:00+00:00,118.5
2024-10-18 00:00:00+00:00,118.5
2024-10-21 00:00:00+00:00,118.5999984741211
2024-10-22 00:00:00+00:00,118.5999984741211
2024-10-23 00:00:00+00:00,119.0999984741211
2024-10-24 00:00:00+00:00,119.25
2024-10-25 00:00:00+00:00,119.58999633789062
2024-10-28 00:00:00+00:00,119.80000305175781
2024-10-29 00:00:00+00:00,121.44999694824219
2024-10-30 00:00:00+00:00,120.5
2024-10-31 00:00:00+00:00,119.5
2024-11-01 00:00:00+00:00,118.30000305175781
2024-11-04 00:00:00+00:00,119.25
2024-11-05 00:00:00+00:00,117.94999694824219
2024-11-06 00:00:00+00:00,118.0
2024-11-07 00:00:00+00:00,119.0
2024-11-08 00:00:00+00:00,119.80000305175781
2024-11-11 00:00:00+00:00,120.69999694824219
2024-11-12 00:00:00+00:00,120.5
2024-11-13 00:00:00+00:00,120.44999694824219
2024-11-14 00:00:00+00:00,121.4000015258789
2024-11-15 00:00:00+00:00,122.0
2024-11-18 00:00:00+00:00,122.6500015258789
2024-11-19 00:00:00+00:00,122.4000015258789
2024-11-20 00:00:00+00:00,122.5
2024-11-21 00:00:00+00:00,122.75
2024-11-22 00:00:00+00:00,122.1500015258789
2024-11-25 00:00:00+00:00,122.0
2024-11-26 00:00:00+00:00,121.6500015258789
2024-11-27 00:00:00+00:00,121.6500015258789
2024-11-29 00:00:00+00:00,121.94999694824219
2024-12-02 00:00:00+00:00,117.9000015258789
2024-12-03 00:00:00+00:00,116.4000015258789
2024-12-04 00:00:00+00:00,115.19999694824219
2024-12-05 00:00:00+00:00,114.4000015258789
2024-12-06 00:00:00+00:00,113.94999694824219
2024-12-09 00:00:00+00:00,113.8499984741211
2024-12-10 00:00:00+00:00,114.0
2024-12-11 00:00:00+00:00,113.9000015258789
2024-12-12 00:00:00+00:00,112.75
2024-12-13 00:00:00+00:00,112.6500015258789
2024-12-16 00:00:00+00:00,111.25
2024-12-17 00:00:00+00:00,111.9000015258789
2024-12-18 00:00:00+00:00,111.3499984741211
2024-12-19 00:00:00+00:00,111.5
2024-12-20 00:00:00+00:00,111.69999694824219
2024-12-23 00:00:00+00:00,112.25
2024-12-24 00:00:00+00:00,112.0
2024-12-26 00:00:00+00:00,112.0
2024-12-27 00:00:00+00:00,112.29000091552734
2024-12-30 00:00:00+00:00,112.6500015258789
2024-12-31 00:00:00+00:00,114.5
2025-01-02 00:00:00+00:00,114.5
2025-01-03 00:00:00+00:00,113.19999694824219
2025-01-06 00:00:00+00:00,109.69999694824219
2025-01-07 00:00:00+00:00,110.55000305175781
2025-01-08 00:00:00+00:00,108.0
2025-01-09 00:00:00+00:00,106.0
2025-01-10 00:00:00+00:00,105.3499984741211
2025-01-13 00:00:00+00:00,108.44999694824219
2025-01-14 00:00:00+00:00,106.25
2025-01-15 00:00:00+00:00,107.4000015258789
2025-01-16 00:00:00+00:00,107.9000015258789
2025-01-17 00:00:00+00:00,109.25
2025-01-21 00:00:00+00:00,111.25
2025-01-22 00:00:00+00:00,109.75
2025-01-23 00:00:00+00:00,109.5
2025-01-24 00:00:00+00:00,109.4000015258789
2025-01-27 00:00:00+00:00,109.4000015258789
2025-01-28 00:00:00+00:00,110.25
2025-01-29 00:00:00+00:00,110.1500015258789
2025-01-30 00:00:00+00:00,110.1500015258789
2025-01-31 00:00:00+00:00,110.37999725341797
2025-02-03 00:00:00+00:00,109.25
2025-02-04 00:00:00+00:00,105.75
2025-02-05 00:00:00+00:00,105.69999694824219
2025-02-06 00:00:00+00:00,106.3499984741211
2025-02-07 00:00:00+00:00,105.0
2025-02-10 00:00:00+00:00,104.5
2025-02-11 00:00:00+00:00,102.9000015258789
2025-02-12 00:00:00+00:00,103.1500015258789
2025-02-13 00:00:00+00:00,101.75
2025-02-14 00:00:00+00:00,101.25
2025-02-18 00:00:00+00:00,101.6500015258789
2025-02-19 00:00:00+00:00,100.4000015258789
2025-02-20 00:00:00+00:00,99.9000015258789
2025-02-21 00:00:00+00:00,99.75
2025-02-24 00:00:00+00:00,100.4000015258789
2025-02-25 00:00:00+00:00,99.75
2025-02-26 00:00:00+00:00,99.5
2025-02-27 00:00:00+00:00,99.75
2025-02-28 00:00:00+00:00,99.43000030517578
2025-03-03 00:00:00+00:00,96.5999984741211
2025-03-04 00:00:00+00:00,96.0
2025-03-05 00:00:00+00:00,96.9000015258789
2025-03-06 00:00:00+00:00,96.69999694824219
2025-03-07 00:00:00+00:00,97.5
2025-03-10 00:00:00+00:00,100.0
2025-03-11 00:00:00+00:00,99.0999984741211
2025-03-12 00:00:00+00:00,97.9000015258789
2025-03-13 00:00:00+00:00,97.9000015258789
2025-03-14 00:00:00+00:00,97.8499984741211
2025-03-17 00:00:00+00:00,97.25
2025-03-18 00:00:00+00:00,96.9000015258789
2025-03-19 00:00:00+00:00,98.30000305175781
2025-03-20 00:00:00+00:00,97.75
2025-03-21 00:00:00+00:00,97.9000015258789
2025-03-24 00:00:00+00:00,97.6500015258789
2025-03-25 00:00:00+00:00,97.4000015258789
2025-03-26 00:00:00+00:00,98.0
2025-03-27 00:00:00+00:00,97.8499984741211
2025-03-28 00:00:00+00:00,97.44000244140625
2025-03-31 00:00:00+00:00,103.9000015258789
2025-04-01 00:00:00+00:00,105.75
2025-04-02 00:00:00+00:00,103.30000305175781
2025-04-03 00:00:00+00:00,100.75
2025-04-04 00:00:00+00:00,99.9000015258789
2025-04-07 00:00:00+00:00,101.9000015258789
2025-04-08 00:00:00+00:00,103.0
2025-04-09 00:00:00+00:00,101.6500015258789
2025-04-10 00:00:00+00:00,102.5
2025-04-11 00:00:00+00:00,102.75
2025-04-14 00:00:00+00:00,103.80000305175781
2025-04-15 00:00:00+00:00,104.25
2025-04-16 00:00:00+00:00,103.3499984741211
2025-04-17 00:00:00+00:00,103.0
2025-04-21 00:00:00+00:00,103.0
2025-04-22 00:00:00+00:00,102.1500015258789
2025-04-23 00:00:00+00:00,103.0
2025-04-24 00:00:00+00:00,102.0
2025-04-25 00:00:00+00:00,102.4000015258789
2025-04-28 00:00:00+00:00,92.30000305175781
2025-04-29 00:00:00+00:00,93.0999984741211
2025-04-30 00:00:00+00:00,93.6500015258789
2025-05-01 00:00:00+00:00,94.1500015258789
2025-05-02 00:00:00+00:00,94.5999984741211
2025-05-05 00:00:00+00:00,94.5999984741211
2025-05-06 00:00:00+00:00,96.9000015258789
2025-05-07 00:00:00+00:00,97.25
2025-05-08 00:00:00+00:00,96.75
2025-05-09 00:00:00+00:00,96.05000305175781
2025-05-12 00:00:00+00:00,96.5
2025-05-13 00:00:00+00:00,95.94999694824219
2025-05-14 00:00:00+00:00,94.44999694824219
2025-05-15 00:00:00+00:00,95.0
2025-05-16 00:00:00+00:00,94.75
2025-05-19 00:00:00+00:00,95.25
2025-05-20 00:00:00+00:00,96.1500015258789
2025-05-21 00:00:00+00:00,95.69999694824219
2025-05-22 00:00:00+00:00,96.05000305175781
2025-05-23 00:00:00+00:00,96.1500015258789
2025-05-27 00:00:00+00:00,96.1500015258789
2025-05-28 00:00:00+00:00,95.5999984741211
2025-05-29 00:00:00+00:00,95.6500015258789
2025-05-30 00:00:00+00:00,95.61000061035156
2025-06-02 00:00:00+00:00,96.80000305175781
2025-06-03 00:00:00+00:00,97.1500015258789
2025-06-04 00:00:00+00:00,99.0
2025-06-05 00:00:00+00:00,100.5999984741211
2025-06-06 00:00:00+00:00,101.80000305175781
2025-06-09 00:00:00+00:00,103.3499984741211
2025-06-10 00:00:00+00:00,102.0999984741211
2025-06-11 00:00:00+00:00,102.19999694824219
2025-06-12 00:00:00+00:00,102.75
2025-06-13 00:00:00+00:00,103.25
2025-06-16 00:00:00+00:00,103.5
2025-06-17 00:00:00+00:00,104.0999984741211
2025-06-18 00:00:00+00:00,103.8499984741211
2025-06-20 00:00:00+00:00,103.9000015258789
2025-06-23 00:00:00+00:00,104.4000015258789
2025-06-24 00:00:00+00:00,103.3499984741211
2025-06-25 00:00:00+00:00,103.44999694824219
2025-06-26 00:00:00+00:00,103.6500015258789
2025-06-27 00:00:00+00:00,103.62999725341797
2025-06-30 00:00:00+00:00,107.5
2025-07-01 00:00:00+00:00,107.44999694824219
2025-07-02 00:00:00+00:00,108.8499984741211
2025-07-03 00:00:00+00:00,108.4000015258789
2025-07-07 00:00:00+00:00,106.19999694824219
2025-07-08 00:00:00+00:00,107.0
2025-07-09 00:00:00+00:00,108.0
2025-07-10 00:00:00+00:00,108.9000015258789
2025-07-11 00:00:00+00:00,108.8499984741211
2025-07-14 00:00:00+00:00,106.30000305175781
2025-07-15 00:00:00+00:00,104.9000015258789
2025-07-16 00:00:00+00:00,105.0
2025-07-17 00:00:00+00:00,104.6500015258789
2025-07-18 00:00:00+00:00,104.6500015258789
2025-07-21 00:00:00+00:00,104.1500015258789
2025-07-22 00:00:00+00:00,104.5
2025-07-23 00:00:00+00:00,104.6500015258789
2025-07-24 00:00:00+00:00,104.5
2025-07-25 00:00:00+00:00,104.41000366210938
2025-07-28 00:00:00+00:00,103.4000015258789
2025-07-29 00:00:00+00:00,104.8499984741211
2025-07-30 00:00:00+00:00,104.44999694824219
2025-07-31 00:00:00+00:00,104.05000305175781
2025-08-01 00:00:00+00:00,103.55000305175781
2025-08-04 00:00:00+00:00,103.1500015258789
2025-08-05 00:00:00+00:00,103.0
2025-08-06 00:00:00+00:00,102.19999694824219
2025-08-07 00:00:00+00:00,101.55000305175781
2025-08-08 00:00:00+00:00,101.0
2025-08-11 00:00:00+00:00,101.30000305175781
2025-08-12 00:00:00+00:00,100.30000305175781
2025-08-13 00:00:00+00:00,100.25
2025-08-14 00:00:00+00:00,99.6500015258789
2025-08-15 00:00:00+00:00,99.1500015258789
2025-08-18 00:00:00+00:00,99.5
2025-08-19 00:00:00+00:00,100.1500015258789
2025-08-20 00:00:00+00:00,100.5999984741211
2025-08-21 00:00:00+00:00,100.5
2025-08-22 00:00:00+00:00,99.9000015258789
2025-08-25 00:00:00+00:00,99.5
2025-08-26 00:00:00+00:00,100.4000015258789
2025-08-27 00:00:00+00:00,99.8499984741211
2025-08-28 00:00:00+00:00,99.55000305175781
2025-08-29 00:00:00+00:00,99.4000015258789
2025-09-02 00:00:00+00:00,96.69999694824219
2025-09-03 00:00:00+00:00,96.3499984741211
2025-09-04 00:00:00+00:00,95.75
2025-09-05 00:00:00+00:00,94.8499984741211
2025-09-08 00:00:00+00:00,94.5999984741211
2025-09-09 00:00:00+00:00,94.19999694824219
2025-09-10 00:00:00+00:00,93.0
2025-09-11 00:00:00+00:00,93.1500015258789
2025-09-12 00:00:00+00:00,93.0
2025-09-15 00:00:00+00:00,93.0
2025-09-16 00:00:00+00:00,93.3499984741211
2025-09-17 00:00:00+00:00,93.55000305175781
2025-09-18 00:00:00+00:00,94.1500015258789
2025-09-19 00:00:00+00:00,93.75
2025-09-22 00:00:00+00:00,93.0
2025-09-23 00:00:00+00:00,93.0
2025-09-24 00:00:00+00:00,93.0
2025-09-25 00:00:00+00:00,92.75
2025-09-26 00:00:00+00:00,92.94999694824219
2025-09-29 00:00:00+00:00,93.9000015258789
2025-09-30 00:00:00+00:00,93.75
2025-10-01 00:00:00+00:00,92.9000015258789
2025-10-02 00:00:00+00:00,92.19999694824219
2025-10-03 00:00:00+00:00,92.0
2025-10-06 00:00:00+00:00,91.5
2025-10-07 00:00:00+00:00,91.25
2025-10-08 00:00:00+00:00,90.5
2025-10-09 00:00:00+00:00,90.44999694824219
2025-10-10 00:00:00+00:00,89.6500015258789
2025-10-13 00:00:00+00:00,89.4000015258789
2025-10-14 00:00:00+00:00,89.25
2025-10-15 00:00:00+00:00,91.4000015258789
2025-10-16 00:00:00+00:00,93.0
2025-10-17 00:00:00+00:00,93.0
2025-10-20 00:00:00+00:00,92.6500015258789
2025-10-21 00:00:00+00:00,92.4000015258789
2025-10-22 00:00:00+00:00,92.05000305175781
2025-10-23 00:00:00+00:00,92.5999984741211
2025-10-24 00:00:00+00:00,92.4000015258789
2025-10-27 00:00:00+00:00,92.4000015258789
2025-10-28 00:00:00+00:00,92.5
2025-10-29 00:00:00+00:00,92.55000305175781
2025-10-30 00:00:00+00:00,93.0
2025-10-31 00:00:00+00:00,92.91999816894531
2025-11-03 00:00:00+00:00,96.0999984741211
2025-11-04 00:00:00+00:00,97.3499984741211
2025-11-05 00:00:00+00:00,97.19999694824219
2025-11-06 00:00:00+00:00,97.05000305175781
2025-11-07 00:00:00+00:00,96.9000015258789
2025-11-10 00:00:00+00:00,96.25
2025-11-11 00:00:00+00:00,95.9000015258789
2025-11-12 00:00:00+00:00,95.5999984741211
2025-11-13 00:00:00+00:00,95.4000015258789
2025-11-14 00:00:00+00:00,96.3499984741211
2025-11-17 00:00:00+00:00,96.5999984741211
2025-11-18 00:00:00+00:00,96.25
2025-11-19 00:00:00+00:00,96.25
2025-11-20 00:00:00+00:00,96.5
2025-11-21 00:00:00+00:00,95.5
2025-11-24 00:00:00+00:00,95.94999694824219
2025-11-25 00:00:00+00:00,96.0999984741211
2025-11-26 00:00:00+00:00,96.1500015258789
2025-11-28 00:00:00+00:00,96.29000091552734
2025-12-01 00:00:00+00:00,97.75
2025-12-02 00:00:00+00:00,99.5
2025-12-03 00:00:00+00:00,98.94999694824219
2025-12-04 00:00:00+00:00,97.3499984741211
2025-12-05 00:00:00+00:00,97.25
2025-12-08 00:00:00+00:00,97.05000305175781
2025-12-09 00:00:00+00:00,96.94999694824219
2025-12-10 00:00:00+00:00,96.5
2025-12-11 00:00:00+00:00,96.5
2025-12-12 00:00:00+00:00,96.75
2025-12-15 00:00:00+00:00,96.05000305175781
2025-12-16 00:00:00+00:00,95.75
2025-12-17 00:00:00+00:00,96.5
2025-12-18 00:00:00+00:00,97.0
2025-12-19 00:00:00+00:00,96.9000015258789
2025-12-22 00:00:00+00:00,96.5
2025-12-23 00:00:00+00:00,96.5
2025-12-24 00:00:00+00:00,96.55000305175781
2025-12-26 00:00:00+00:00,96.0
